1,10.875
2,11.25
3,11.8125
4,12
5,12.3125
6,12.625
7,12.6875
8,12.875
9,12.9375
10,12.9375
11,13.125
12,13.3125
13,13.4375
14,13.5625
15,13.5625
16,13.5
17,13.5625
18,13.5
19,13.5
20,13.375
21,13.25
22,13.125
23,13
24,12.9375
25,12.8125
26,12.8125
27,12.75
28,12.8125
29,12.875
30,12.875
31,12.875
32,12.875
33,12.875
34,12.8125
35,12.8125
36,12.8125
37,12.875
38,12.875
39,12.875
40,12.875
41,12.875
42,12.875
43,12.8125
44,12.8125
45,12.875
46,12.875
47,12.875
48,12.875
49,12.875
50,12.875
51,12.8125
52,12.8125
53,12.75
54,12.6875
55,12.625
56,12.625
57,12.5625
58,12.5
59,12.5
60,12.375
61,12.375
62,12.3125
63,12.25
64,12.1875
65,12.125
66,12.125
67,12.0625
68,12.0625
69,12.0625
70,12.125
71,12.125
72,12.125
73,12.125
74,12.125
75,12.125
76,12.125
77,12.1875
78,12.1875
79,12.25
80,12.25
81,12.3125
82,12.375
83,12.4375
84,12.5
85,12.5625
86,12.625
87,12.75
88,12.8125
89,12.9375
90,13.0625
91,13.0625
92,13.0625
93,13.0625
94,13
95,12.9375
96,13
97,13
98,12.9375
99,12.6875
100,12.375
101,12.3125
102,12.375
103,12.6875
104,12.9375
105,13.0625
106,13.3125
107,13.25
108,13.1875
109,13.1875
110,13.3125
111,13.375
112,13.1875
113,13
114,12.75
115,12.5625
116,12.4375
117,12.3125
118,12.125
119,12
120,11.75
121,11.6875
122,11.6875
123,11.5625
124,11.5
125,11.3125
126,10.9375
127,10.625
128,9.75
129,9.0625
130,8.6875
131,7.9375
132,7.5625
133,7.4375
134,7.1875
135,7.0625
136,6.9375
137,6.8125
138,6.75
139,6.6875
140,6.75
141,6.8125
142,7
143,7.1875
144,7.3125
145,7.75
146,8.1875
147,8.375
148,8.5
149,8.4375
150,8.5
151,8.5625
152,8.5
153,8.0625
154,8
155,7.9375
156,7.875
157,7.875
158,7.875
159,7.875
160,7.8125
161,7.6875
162,7.625
163,7.625
164,7.625
165,7.625
166,7.5
167,7.4375
168,7.4375
169,7.4375
170,7.5625
171,7.5625
172,7.625
173,7.6875
174,7.75
175,7.75
176,7.9375
177,8
178,8.1875
179,8.1875
180,8.25
181,8.5625
182,8.625
183,8.6875
184,8.9375
185,8.9375
186,8.9375
187,9.0625
188,9.125
189,9.25
190,9.5
191,9.5625
192,8.125
193,7.9375
194,7.75
195,7.6875
196,7.6875
197,7.75
198,8.3125
199,8.5
200,8.6875
201,8.8125
202,8.8125
203,9.0625
204,9.3125
205,9.375
206,8.9375
207,8.8125
208,8.625
209,8.625
210,8.8125
211,9.0625
212,9.125
213,8.9375
214,8.625
215,8.5625
216,8.625
217,8.875
218,9
219,8.9375
220,8.6875
221,8.75
222,8.875
223,8.75
224,8.6875
225,8.8125
226,8.75
227,8.6875
228,9
229,9.625
230,9.625
231,9.3125
232,9.25
233,9.4375
234,9.75
235,10
236,10.0625
237,10.125
238,10.25
239,10.1875
240,10.0625
241,9.8125
242,9.6875
243,9.6875
244,9.6875
245,9.75
246,9.5625
247,9.5
248,9.0625
249,8.875
250,8.5625
251,8.0625
252,7.6875
253,7.25
254,6.75
255,6.3125
256,5.9375
257,5.5
258,5.125
259,4.6875
260,4.25
261,4.0625
262,3.75
263,3.625
264,3.6875
265,3.75
266,3.8125
267,3.875
268,4
269,4
270,4
271,4.0625
272,4.0625
273,4.0625
274,4
275,3.9375
276,4
277,4.125
278,4.4375
279,4.6875
280,4.6875
281,4.625
282,4.625
283,4.8125
284,5.3125
285,5.9375
286,6.25
287,6.8125
288,6.9375
289,6.9375
290,6.9375
291,7.1875
292,7.3125
293,7.4375
294,7.375
295,7.3125
296,7.25
297,7.1875
298,7.1875
299,7.25
300,7.25
301,7.25
302,7.1875
303,7.1875
304,7.1875
305,7.25
306,7.3125
307,7.3125
308,7.3125
309,7.25
310,7.25
311,7.25
312,7.25
313,7.3125
314,7.3125
315,7.3125
316,7.375
317,7.4375
318,7.5
319,7.5625
320,7.75
321,7.75
322,7.875
323,7.8125
324,7.5625
325,6.5625
326,5.6875
327,5.5
328,5.5
329,5.8125
330,5.9375
331,6.8125
332,6.875
333,6.8125
334,6.75
335,6.8125
336,7
337,6.875
338,6.8125
339,6.625
340,5.9375
341,5.8125
342,5.875
343,5.9375
344,6.125
345,6.125
346,6
347,5.9375
348,5.9375
349,5.875
350,5.8125
351,5.9375
352,5.9375
353,6.0625
354,6.5625
355,6.8125
356,7.1875
357,7.375
358,7.75
359,7.9375
360,8.125
361,8.625
362,9.1875
363,9.375
364,9.5
365,9.5625
366,9.6875
367,9.875
368,9.8125
369,9.8125
370,10.4375
371,10.75
372,11.25
373,11.6875
374,11.875
375,12.125
376,12.5625
377,12.9375
378,12.9375
379,12.375
380,12.0625
381,12.0625
382,11.9375
383,11.9375
384,12.1875
385,12.5
386,12.75
387,12.875
388,12.875
389,12.875
390,12.5625
391,12.1875
392,12.0625
393,11.4375
394,10.8125
395,10.375
396,9.8125
397,9.4375
398,8.375
399,7.4375
400,6.25
401,5.625
402,5.4375
403,5.5
404,5.8125
405,6.3125
406,6.9375
407,7.3125
408,7.5
409,7.625
410,7.625
411,7.6875
412,7.8125
413,7.875
414,7.875
415,8.0625
416,8.375
417,8.4375
418,8.375
419,8.4375
420,8.625
421,8.6875
422,8.6875
423,8.375
424,8.3125
425,8.125
426,8.1875
427,8.25
428,8.375
429,8.5625
430,8.625
431,8.5
432,8.375
433,8.3125
434,8.375
435,8.375
436,8.375
437,8.3125
438,8.25
439,8.25
440,8.25
441,8.25
442,8.3125
443,8.375
444,8.375
445,8.375
446,8.4375
447,8.5
448,8.375
449,8.125
450,7.8125
451,7.6875
452,7.75
453,7.8125
454,7.5625
455,7.1875
456,7
457,6.6875
458,6.6875
459,6.9375
460,7.0625
461,7.125
462,7.375
463,7.5
464,7.75
465,8.1875
466,8.375
467,8.4375
468,8.625
469,8.875
470,9.125
471,9.375
472,9.5
473,9.375
474,9.4375
475,9.5625
476,10.0625
477,10.1875
478,10.1875
479,10.125
480,10.125
481,10.125
482,10.125
483,10
484,9.75
485,9.6875
486,9.625
487,9.625
488,9.6875
489,9.6875
490,9.8125
491,9.875
492,9.9375
493,9.625
494,9.625
495,10.25
496,10.4375
497,10.5
498,10.5
499,10.5625
500,10.6875
501,10.8125
502,10.8125
503,10.8125
504,10.75
505,10.75
506,10.875
507,10.9375
508,10.9375
509,10.8125
510,10.6875
511,10.25
512,9.75
513,9.5
514,9.0625
515,8.875
516,8.8125
517,8.75
518,8.6875
519,8.625
520,8.5
521,8.375
522,8.125
523,8
524,7.6875
525,7.375
526,7.3125
527,7.125
528,7
529,6.8125
530,6.75
531,6.6875
532,6.6875
533,6.75
534,6.6875
535,6.25
536,6.125
537,6
538,5.8125
539,5.8125
540,5.8125
541,5.75
542,5.5625
543,5.5
544,5.5
545,5.5
546,5.4375
547,5.5
548,5.5
549,5.4375
550,5.5
551,5.5625
552,5.6875
553,5.75
554,5.9375
555,6
556,6.0625
557,6.375
558,6.5625
559,6.8125
560,6.9375
561,7
562,7.1875
563,7.25
564,7.3125
565,7.5
566,7.375
567,7.3125
568,7.375
569,7.4375
570,7.4375
571,7.4375
572,7.375
573,7.3125
574,7.25
575,7.1875
576,7.0625
577,7.0625
578,7.0625
579,7.25
580,7.3125
581,7.25
582,7.25
583,7.3125
584,7.4375
585,7.5
586,7.625
587,7.6875
588,7.6875
589,7.6875
590,7.5625
591,7.25
592,7
593,6.5625
594,6.1875
595,5.6875
596,5.5625
597,5.625
598,5.5625
599,5.4375
600,5.3125
601,5.1875
602,5.125
603,5.0625
604,5.1875
605,5.375
606,5.4375
607,5.625
608,5.75
609,5.875
610,5.9375
611,6
612,6.0625
613,6.0625
614,6.1875
615,6.375
616,6.5
617,6.625
618,6.75
619,6.875
620,7
621,7.125
622,7.5
623,7.8125
624,8.0625
625,8
626,7.625
627,7.25
628,7.1875
629,7.25
630,7.375
631,7.5625
632,7.5
633,7
634,6.5625
635,6.3125
636,6.25
637,6.25
638,6.125
639,6.0625
640,5.875
641,5.8125
642,6
643,7.125
644,7.625
645,7.6875
646,8.25
647,8.4375
648,9.125
649,9.1875
650,9.1875
651,9.25
652,9.25
653,9.125
654,9.125
655,9.0625
656,8.9375
657,8.75
658,8.5625
659,8
660,7.875
661,7.625
662,7.5625
663,7.5
664,7.25
665,6.9375
666,6.8125
667,6.625
668,6.625
669,6.625
670,6.625
671,6.625
672,6.6875
673,6.9375
674,7
675,7
676,7.4375
677,7.6875
678,8.25
679,8.6875
680,8.8125
681,8.875
682,8.6875
683,8.5
684,7.75
685,7.5
686,7.375
687,7.3125
688,7.25
689,7.1875
690,7.0625
691,6.875
692,6.75
693,6.375
694,6.25
695,6.25
696,6.25
697,6.25
698,6.125
699,6
700,6
701,6.1875
702,6.25
703,6.3125
704,6.4375
705,6.4375
706,6.375
707,6.375
708,6.3125
709,6.3125
710,6.4375
711,6.625
712,6.6875
713,6.8125
714,6.875
715,6.875
716,6.875
717,6.9375
718,6.875
719,6.8125
720,6.75
721,6.6875
722,6.625
723,6.75
724,6.8125
725,6.875
726,6.9375
727,7
728,7.0625
729,7.1875
730,7.3125
731,7.3125
732,7.3125
733,7.375
734,7.375
735,7.375
736,7.4375
737,7.4375
738,7.5625
739,7.5625
740,7.5625
741,7.1875
742,6.4375
743,5.75
744,5.5625
745,5.6875
746,5.75
747,5.75
748,5.5625
749,5.5
750,5.4375
751,5.5625
752,5.75
753,6.1875
754,6.5
755,6.5625
756,6.4375
757,6.25
758,6.3125
759,6.75
760,7.25
761,7.625
762,7.5625
763,7.4375
764,7.625
765,7.875
766,8
767,8.3125
768,8.5625
769,8.625
770,8.5
771,8.75
772,8.9375
773,8.8125
774,8.625
775,8.0625
776,7.75
777,7.6875
778,7.75
779,7.9375
780,8.0625
781,8.25
782,8.5
783,8.6875
784,9.1875
785,9.75
786,10.0625
787,10.875
788,11
789,11.1875
790,11.3125
791,11.4375
792,11.5
793,11.5625
794,11.625
795,11.75
796,11.9375
797,12
798,12.125
799,12
800,11.8125
801,11.125
802,10.6875
803,10.125
804,10.0625
805,10.1875
806,10.375
807,10.5
808,10.5
809,10.3125
810,10.0625
811,9.9375
812,9.6875
813,9.6875
814,9.625
815,9.4375
816,9.3125
817,9
818,8.3125
819,8
820,7.375
821,6.75
822,6.5
823,6.125
824,6.0625
825,5.9375
826,5.875
827,5.8125
828,5.75
829,5.5
830,5.4375
831,5.3125
832,5.1875
833,5.125
834,4.9375
835,4.875
836,4.8125
837,4.75
838,4.6875
839,4.6875
840,4.9375
841,5.125
842,5.3125
843,5.625
844,5.8125
845,6.5
846,6.6875
847,6.875
848,7
849,7.0625
850,7.125
851,7.375
852,7.375
853,7.3125
854,7.1875
855,7.1875
856,7.1875
857,7.25
858,7.3125
859,7.375
860,7.375
861,7.3125
862,7.1875
863,7.1875
864,7.125
865,7.125
866,7.1875
867,7.25
868,7.375
869,7.375
870,7.3125
871,7.3125
872,7.3125
873,7.3125
874,7.375
875,7.375
876,7.3125
877,7.375
878,7.375
879,7.4375
880,7.5
881,7.6875
882,7.875
883,7.9375
884,7.875
885,7.75
886,7.5
887,6.9375
888,6.5
889,6.375
890,6.375
891,6.3125
892,6.25
893,6.375
894,6.4375
895,6.4375
896,6.625
897,6.6875
898,6.875
899,7.0625
900,7.1875
901,7.375
902,7.5
903,7.5
904,7.5
905,7.5625
906,7.5625
907,7.5
908,7.5
909,7.4375
910,7.375
911,7.4375
912,7.5625
913,7.6875
914,7.6875
915,7.625
916,7.5625
917,7.5625
918,7.75
919,7.875
920,7.8125
921,7.6875
922,7.5625
923,7.375
924,7.25
925,7.1875
926,7.125
927,6.9375
928,6.875
929,6.6875
930,6.375
931,6.3125
932,6.5
933,6.8125
934,7.375
935,7.8125
936,8.125
937,8.375
938,8.625
939,8.75
940,8.9375
941,9.0625
942,9.0625
943,9.125
944,9.125
945,9.125
946,8.8125
947,8.4375
948,8.125
949,7.8125
950,7.75
951,7.9375
952,8
953,7.9375
954,7.75
955,7.625
956,7.3125
957,7
958,6.9375
959,6.75
960,6.5
961,6.3125
962,5.9375
963,5.875
964,5.5625
965,5.25
966,5.1875
967,5
968,4.6875
969,4.5
970,4.1875
971,4.0625
972,4
973,3.9375
974,3.875
975,3.75
976,3.5
977,3.5
978,3.5
979,3.8125
980,4
981,4.1875
982,4.3125
983,4.375
984,4.4375
985,4.5
986,4.625
987,5.125
988,5.375
989,5.375
990,5.4375
991,5.5625
992,5.625
993,5.625
994,5.5625
995,5.4375
996,5.3125
997,5.0625
998,5
999,5
1000,5.125
1001,5.1875
1002,5.25
1003,5.3125
1004,5.375
1005,5.375
1006,5.4375
1007,5.5
1008,5.5
1009,5.625
1010,5.6875
1011,5.6875
1012,5.75
1013,5.75
1014,5.8125
1015,5.875
1016,5.875
1017,5.875
1018,5.9375
1019,6
1020,6.125
1021,6.125
1022,6.125
1023,6.125
1024,6.125
1025,6.0625
1026,6.0625
1027,6
1028,6
1029,6.0625
1030,6.0625
1031,6.1875
1032,6.1875
1033,6.25
1034,6.375
1035,6.4375
1036,6.5
1037,6.8125
1038,6.875
1039,6.8125
1040,6.0625
1041,5.75
1042,5.375
1043,5.5
1044,5.5625
1045,5.5625
1046,5.5625
1047,5.5625
1048,5.5625
1049,5.625
1050,5.6875
1051,5.8125
1052,5.9375
1053,6.0625
1054,6.6875
1055,6.875
1056,7.3125
1057,7.1875
1058,7
1059,6.625
1060,6.5625
1061,6.5625
1062,6.75
1063,6.875
1064,7
1065,7.5625
1066,7.75
1067,8.0625
1068,8.125
1069,8.1875
1070,8.125
1071,8.125
1072,8
1073,7.5625
1074,7.4375
1075,7.25
1076,7.125
1077,7.25
1078,7.4375
1079,7.25
1080,6.8125
1081,6.6875
1082,6.8125
1083,6.875
1084,7.0625
1085,7.3125
1086,7.375
1087,7.1875
1088,7.3125
1089,7.5625
1090,8
1091,8.25
1092,8.4375
1093,8.5625
1094,8.5
1095,8.8125
1096,8.9375
1097,9.0625
1098,9.3125
1099,9.4375
1100,9.4375
1101,9.375
1102,9.1875
1103,8.9375
1104,8.375
1105,8
1106,7.8125
1107,7.8125
1108,7.8125
1109,7.75
1110,7.5625
1111,7.4375
1112,7.125
1113,7.0625
1114,7.0625
1115,7.0625
1116,7
1117,6.9375
1118,6.875
1119,6.6875
1120,6.4375
1121,6.1875
1122,6.0625
1123,5.6875
1124,5.5
1125,5.4375
1126,5.3125
1127,5.25
1128,5.1875
1129,5.125
1130,5.125
1131,5.0625
1132,5.125
1133,5.25
1134,5.4375
1135,5.3125
1136,5.25
1137,5.125
1138,5.0625
1139,5.0625
1140,5.1875
1141,5.25
1142,5.3125
1143,5.375
1144,5.5
1145,5.5625
1146,5.625
1147,5.75
1148,5.875
1149,6
1150,6.0625
1151,6.1875
1152,6.25
1153,6.375
1154,6.5
1155,6.5625
1156,6.5625
1157,6.4375
1158,6.4375
1159,6.5
1160,6.625
1161,6.6875
1162,6.6875
1163,6.625
1164,6.625
1165,6.625
1166,6.6875
1167,6.75
1168,6.8125
1169,6.875
1170,6.875
1171,6.8125
1172,6.8125
1173,6.8125
1174,6.875
1175,6.875
1176,6.875
1177,6.875
1178,6.875
1179,6.875
1180,6.75
1181,6.5
1182,6.4375
1183,6.125
1184,5.75
1185,5.5625
1186,5.25
1187,5.375
1188,5.375
1189,5.25
1190,5.1875
1191,5.125
1192,5.1875
1193,5.3125
1194,5.4375
1195,5.5625
1196,5.5
1197,5.3125
1198,5.4375
1199,5.5
1200,5.625
1201,5.6875
1202,5.625
1203,5.3125
1204,5.25
1205,5.3125
1206,5.375
1207,5.3125
1208,5.25
1209,5.4375
1210,5.6875
1211,6.125
1212,6.0625
1213,5.875
1214,5.4375
1215,5.5625
1216,5.875
1217,6.4375
1218,6.625
1219,6.8125
1220,6.8125
1221,6.8125
1222,6.9375
1223,7.25
1224,7.3125
1225,7.6875
1226,8.0625
1227,8.25
1228,9.3125
1229,9.6875
1230,10.125
1231,10.375
1232,10.375
1233,10.5
1234,11.125
1235,11.125
1236,11.125
1237,10.8125
1238,10.75
1239,10.25
1240,9.0625
1241,8.9375
1242,9.1875
1243,9.3125
1244,9.4375
1245,9.3125
1246,9.1875
1247,9.125
1248,9
1249,9.0625
1250,9
1251,9
1252,8.9375
1253,8.6875
1254,8.5625
1255,8.375
1256,8.125
1257,7.8125
1258,7.625
1259,7.1875
1260,6.6875
1261,6.375
1262,5.9375
1263,5.6875
1264,5.625
1265,5.5625
1266,5.5
1267,5.25
1268,5.0625
1269,4.9375
1270,5.25
1271,5.5625
1272,5.6875
1273,5.125
1274,5.0625
1275,5.125
1276,5.5625
1277,6
1278,6.3125
1279,6.3125
1280,6.3125
1281,6.3125
1282,6.4375
1283,6.5625
1284,7.125
1285,7.5
1286,7.75
1287,7.8125
1288,7.5625
1289,7.375
1290,7.3125
1291,7.4375
1292,7.875
1293,8.0625
1294,8.125
1295,8.125
1296,8
1297,7.9375
1298,7.9375
1299,8.0625
1300,8.25
1301,8.3125
1302,8.375
1303,8.25
1304,8.1875
1305,8.1875
1306,8.25
1307,8.3125
1308,8.375
1309,8.375
1310,8.375
1311,8.4375
1312,8.5625
1313,8.625
1314,8.6875
1315,8.5625
1316,8.4375
1317,7.875
1318,7.1875
1319,6.9375
1320,6.9375
1321,7
1322,6.9375
1323,6.875
1324,6.6875
1325,6.5625
1326,6.4375
1327,6.375
1328,6.1875
1329,5.9375
1330,5.875
1331,5.625
1332,5.5
1333,5.5
1334,5.3125
1335,5.1875
1336,5.375
1337,5.5625
1338,5.625
1339,6.0625
1340,6.4375
1341,6.625
1342,7.0625
1343,7.375
1344,7.6875
1345,8.375
1346,8.4375
1347,8.4375
1348,8.8125
1349,8.8125
1350,8.8125
1351,8.875
1352,9.0625
1353,9.625
1354,9.9375
1355,10.5625
1356,11.4375
1357,11.5625
1358,11.6875
1359,11.75
1360,12
1361,12.1875
1362,12.1875
1363,11.8125
1364,11.5625
1365,11.5625
1366,11.625
1367,11.9375
1368,12.0625
1369,12.5
1370,12.875
1371,13
1372,13.1875
1373,13.0625
1374,12.8125
1375,11.9375
1376,11.0625
1377,10.875
1378,11.25
1379,11.3125
1380,11.375
1381,11.375
1382,11.1875
1383,10.8125
1384,10.4375
1385,10.25
1386,9.875
1387,9.6875
1388,9.5625
1389,9.0625
1390,8.875
1391,8.5
1392,7.75
1393,7.5625
1394,7.125
1395,6.6875
1396,6.375
1397,6.125
1398,5.9375
1399,5.875
1400,5.75
1401,5.6875
1402,5.5
1403,5.5625
1404,5.6875
1405,6.0625
1406,6.5
1407,6.625
1408,6.5625
1409,6.3125
1410,6.25
1411,6.25
1412,6.3125
1413,6.375
1414,6.3125
1415,6.3125
1416,6.5625
1417,6.875
1418,6.9375
1419,6.875
1420,7
1421,7.0625
1422,7.25
1423,7.625
1424,7.6875
1425,7.625
1426,7.5625
1427,7.5625
1428,7.75
1429,7.875
1430,7.9375
1431,7.9375
1432,7.8125
1433,7.8125
1434,7.8125
1435,7.8125
1436,7.8125
1437,7.8125
1438,7.875
1439,7.875
1440,7.875
1441,7.8125
1442,7.8125
1443,7.875
1444,7.875
1445,7.9375
1446,7.9375
1447,7.9375
1448,7.9375
1449,7.9375
1450,8
1451,7.9375
1452,7.75
1453,6.875
1454,6.6875
1455,6.625
1456,6.4375
1457,6.25
1458,6.1875
1459,6.1875
1460,6.0625
1461,5.75
1462,5.5
1463,5.375
1464,5.375
1465,5.5
1466,5.625
1467,5.5625
1468,5.4375
1469,5.375
1470,5.125
1471,5
1472,5.0625
1473,5.125
1474,5.125
1475,4.6875
1476,4.3125
1477,4.1875
1478,4.875
1479,5.125
1480,5.4375
1481,5.5625
1482,5.9375
1483,6.75
1484,7.3125
1485,8.5
1486,9.5
1487,9.4375
1488,9.25
1489,8.8125
1490,8.6875
1491,8.8125
1492,9.125
1493,9.5625
1494,9.6875
1495,9.875
1496,10.125
1497,10.4375
1498,10.6875
1499,10.75
1500,11.125
1501,11.3125
1502,11.4375
1503,11.375
1504,11.3125
1505,11.1875
1506,10.9375
1507,10.875
1508,10.8125
1509,10.8125
1510,10.75
1511,10.5
1512,10.375
1513,10.1875
1514,10.125
1515,10.125
1516,10
1517,9.875
1518,9.8125
1519,9.75
1520,9.75
1521,9.75
1522,9.75
1523,9.625
1524,9.375
1525,8.8125
1526,8.5
1527,8.0625
1528,7.75
1529,7.75
1530,7.8125
1531,7.6875
1532,7.5625
1533,6.9375
1534,6.75
1535,6.625
1536,6.625
1537,6.6875
1538,6.8125
1539,6.8125
1540,6.625
1541,6.5
1542,6.375
1543,6.4375
1544,6.75
1545,6.75
1546,6.625
1547,6.625
1548,6.75
1549,6.9375
1550,7.25
1551,7.3125
1552,7.3125
1553,7.25
1554,7.125
1555,7.0625
1556,7.1875
1557,7.25
1558,7.3125
1559,7.3125
1560,7.3125
1561,7.5
1562,7.5
1563,7.375
1564,7.25
1565,7.1875
1566,7.1875
1567,7.3125
1568,7.3125
1569,7.3125
1570,7.3125
1571,7.3125
1572,7.375
1573,7.375
1574,7.4375
1575,7.4375
1576,7.375
1577,7.375
1578,7.375
1579,7.4375
1580,7.625
1581,7.6875
1582,7.6875
1583,7.625
1584,7.625
1585,7.5625
1586,7.5625
1587,7.5625
1588,7.5625
1589,7.5
1590,7.5625
1591,7.625
1592,7.75
1593,7.75
1594,7.875
1595,7.875
1596,7.9375
1597,8.5
1598,9.375
1599,9.8125
1600,9.625
1601,9.5
1602,9.25
1603,9.3125
1604,9.3125
1605,9.4375
1606,9.8125
1607,10.1875
1608,10.625
1609,10.9375
1610,11
1611,10.9375
1612,11
1613,11
1614,11.375
1615,11.625
1616,11.625
1617,11.4375
1618,11.3125
1619,10.875
1620,10.875
1621,10.9375
1622,11.3125
1623,11.5625
1624,11.625
1625,11.5625
1626,11.5
1627,11.375
1628,11.3125
1629,11.625
1630,12
1631,12.125
1632,12.25
1633,12
1634,11.625
1635,11.3125
1636,11.375
1637,11.75
1638,12
1639,12.1875
1640,12.25
1641,12.125
1642,11.6875
1643,11.25
1644,11.3125
1645,11.875
1646,12.25
1647,13
1648,13.75
1649,13.8125
1650,13.5625
1651,13.3125
1652,13.0625
1653,12.6875
1654,12.4375
1655,11.75
1656,10.9375
1657,10.25
1658,9.875
1659,9.8125
1660,10
1661,10.625
1662,11
1663,11
1664,10.9375
1665,11.0625
1666,11.3125
1667,11.625
1668,11.5
1669,11.125
1670,10.8125
1671,10.6875
1672,10.5625
1673,10.3125
1674,10.125
1675,10
1676,9.8125
1677,9.5625
1678,9.25
1679,9.0625
1680,8.9375
1681,9
1682,9.0625
1683,9.1875
1684,9.0625
1685,9
1686,8.5625
1687,8.3125
1688,8.1875
1689,7.9375
1690,7.75
1691,7.5
1692,7.0625
1693,6.75
1694,6.4375
1695,6.4375
1696,6.4375
1697,6.375
1698,6.125
1699,6.0625
1700,5.6875
1701,5.6875
1702,5.6875
1703,5.6875
1704,5.6875
1705,5.9375
1706,6
1707,5.9375
1708,6.0625
1709,6.25
1710,6.625
1711,6.875
1712,7.0625
1713,7.375
1714,7.5625
1715,7.6875
1716,7.6875
1717,7.6875
1718,7.8125
1719,7.9375
1720,8
1721,8
1722,7.9375
1723,7.9375
1724,7.875
1725,7.875
1726,7.9375
1727,7.75
1728,7.75
1729,7.75
1730,7.8125
1731,7.875
1732,7.8125
1733,7.5625
1734,7.5
1735,7.4375
1736,7.4375
1737,7.4375
1738,7.5
1739,7.5
1740,7.5625
1741,7.625
1742,7.625
1743,7.75
1744,7.875
1745,7.9375
1746,8
1747,8.0625
1748,8.125
1749,8.3125
1750,8.375
1751,8.4375
1752,8.5
1753,8.5
1754,8.375
1755,8.125
1756,7.9375
1757,7.3125
1758,6.6875
1759,6.5625
1760,6.375
1761,6.375
1762,6.375
1763,6.5
1764,6.5
1765,6.5625
1766,6.4375
1767,6.375
1768,6.3125
1769,6.3125
1770,6.375
1771,6.375
1772,6.25
1773,6.125
1774,5.6875
1775,5.625
1776,5.625
1777,5.8125
1778,5.875
1779,5.8125
1780,5.125
1781,4.9375
1782,4.8125
1783,5.25
1784,5.4375
1785,5.875
1786,6.0625
1787,6.0625
1788,6.125
1789,6.25
1790,6.3125
1791,6.4375
1792,6.625
1793,6.75
1794,6.9375
1795,7.3125
1796,7.6875
1797,8.0625
1798,8.1875
1799,8.1875
1800,8.1875
1801,8.25
1802,8.4375
1803,8.6875
1804,8.75
1805,8.75
1806,8.6875
1807,8.8125
1808,9.1875
1809,9.4375
1810,9.5
1811,9.75
1812,10.125
1813,10.625
1814,10.9375
1815,11.125
1816,11
1817,10.75
1818,10.3125
1819,10.0625
1820,10.25
1821,10.4375
1822,10.8125
1823,10.9375
1824,11.125
1825,11.375
1826,11.625
1827,11.9375
1828,11.875
1829,11.6875
1830,10.875
1831,10.625
1832,10.8125
1833,11.3125
1834,11.1875
1835,10.875
1836,10
1837,9.5625
1838,9.4375
1839,9.4375
1840,9.3125
1841,9.0625
1842,8.6875
1843,8.5
1844,8.3125
1845,8.1875
1846,7.9375
1847,7.625
1848,7.25
1849,7.0625
1850,7.1875
1851,7.4375
1852,7.6875
1853,7.6875
1854,7.5625
1855,7.1875
1856,6.9375
1857,6.875
1858,7
1859,7.125
1860,7.25
1861,7.25
1862,7.1875
1863,6.9375
1864,6.8125
1865,6.625
1866,6.6875
1867,6.75
1868,6.9375
1869,7
1870,7
1871,6.625
1872,6.5625
1873,6.625
1874,6.8125
1875,6.8125
1876,7.0625
1877,7.3125
1878,7.375
1879,7.5625
1880,7.75
1881,7.8125
1882,7.6875
1883,7.5625
1884,7.5625
1885,7.6875
1886,7.8125
1887,7.8125
1888,7.8125
1889,7.75
1890,7.6875
1891,7.75
1892,7.75
1893,7.75
1894,7.75
1895,7.8125
1896,7.8125
1897,7.8125
1898,7.75
1899,7.75
1900,7.8125
1901,8
1902,8.125
1903,8.125
1904,8.1875
1905,8.125
1906,8.0625
1907,8
1908,8.0625
1909,8.125
1910,8.1875
1911,8.1875
1912,8.1875
1913,8.25
1914,8.375
1915,8.4375
1916,8.5625
1917,8.625
1918,8.6875
1919,8.8125
1920,8.8125
1921,8.9375
1922,9.0625
1923,9.0625
1924,9.125
1925,9.0625
1926,9
1927,8.75
1928,8.625
1929,8.5
1930,8.1875
1931,8.125
1932,7.9375
1933,7.8125
1934,7.75
1935,7.625
1936,7.625
1937,7.6875
1938,7.9375
1939,8.0625
1940,8.3125
1941,8.3125
1942,8.125
1943,7.875
1944,7.8125
1945,7.8125
1946,8.1875
1947,8.3125
1948,8.5
1949,8.625
1950,8.625
1951,8.6875
1952,8.8125
1953,8.9375
1954,9.125
1955,9.4375
1956,9.625
1957,10
1958,10.125
1959,10.4375
1960,11
1961,11.3125
1962,11.875
1963,12.25
1964,12.4375
1965,12.8125
1966,12.875
1967,12.8125
1968,12.6875
1969,12.6875
1970,12.6875
1971,12.625
1972,12.5625
1973,12.4375
1974,12.125
1975,12
1976,12.125
1977,12.25
1978,12.3125
1979,12.4375
1980,12.625
1981,12.625
1982,12.5
1983,12.4375
1984,12.3125
1985,12
1986,11.5625
1987,11.375
1988,11.0625
1989,10.9375
1990,10.9375
1991,10.875
1992,10.8125
1993,10.6875
1994,10.5625
1995,10.4375
1996,10.25
1997,10.0625
1998,9.9375
1999,9.75
2000,9.5625
2001,9.3125
2002,9.125
2003,8.9375
2004,8.8125
2005,8.6875
2006,8.5625
2007,8.5
2008,8.4375
2009,8.5
2010,8.5
2011,8.5625
2012,8.625
2013,8.8125
2014,8.9375
2015,8.9375
2016,8.875
2017,8.875
2018,8.875
2019,9
2020,9.0625
2021,9.3125
2022,9.4375
2023,9.4375
2024,9.5625
2025,9.6875
2026,9.6875
2027,9.8125
2028,9.8125
2029,9.6875
2030,9.625
2031,9.5625
2032,9.5
2033,9.375
2034,9.3125
2035,9.1875
2036,9.125
2037,9.0625
2038,8.9375
2039,8.8125
2040,8.8125
2041,8.75
2042,8.75
2043,8.6875
2044,8.6875
2045,8.625
2046,8.5625
2047,8.5
2048,8.4375
2049,8.375
2050,8.3125
2051,8.25
2052,8.125
2053,8.125
2054,8.125
2055,8.0625
2056,8
2057,7.9375
2058,7.8125
2059,7.8125
2060,7.75
2061,7.75
2062,7.8125
2063,7.8125
2064,7.8125
2065,7.75
2066,7.6875
2067,7.6875
2068,7.6875
2069,7.625
2070,7.625
2071,7.5625
2072,7.5
2073,7.5
2074,7.5
2075,7.4375
2076,7.4375
2077,7.4375
2078,7.375
2079,7.375
2080,7.3125
2081,7.3125
2082,7.25
2083,7.1875
2084,7.1875
2085,7.125
2086,7.125
2087,7.125
2088,7.0625
2089,7.0625
2090,7.0625
2091,7.0625
2092,7
2093,7
2094,6.9375
2095,6.9375
2096,6.9375
2097,6.875
2098,6.8125
2099,6.8125
2100,6.8125
2101,6.75
2102,6.75
2103,6.75
2104,6.75
2105,6.6875
2106,6.6875
2107,6.6875
2108,6.625
2109,6.625
2110,6.625
2111,6.5625
2112,6.5
2113,6.5
2114,6.5
2115,6.5
2116,6.5
2117,6.5625
2118,6.5625
2119,6.5625
2120,6.5625
2121,6.5625
2122,6.5625
2123,6.5625
2124,6.5625
2125,6.5625
2126,6.5625
2127,6.5625
2128,6.5625
2129,6.5625
2130,6.5625
2131,6.5625
2132,6.5625
2133,6.5625
2134,6.5625
2135,6.5625
2136,6.5
2137,6.5
2138,6.5
2139,6.5625
2140,6.5625
2141,6.5625
2142,6.5625
2143,6.5625
2144,6.5625
2145,6.5625
2146,6.5
2147,6.5
2148,6.5
2149,6.4375
2150,6.4375
2151,6.375
2152,6.375
2153,6.375
2154,6.375
2155,6.3125
2156,6.3125
2157,6.3125
2158,6.3125
2159,6.3125
2160,6.3125
2161,6.3125
2162,6.3125
2163,6.375
2164,6.375
2165,6.375
2166,6.375
2167,6.375
2168,6.375
2169,6.375
2170,6.4375
2171,6.4375
2172,6.4375
2173,6.5
2174,6.5
2175,6.5625
2176,6.625
2177,6.625
2178,6.625
2179,6.625
2180,6.625
2181,6.625
2182,6.625
2183,6.5625
2184,6.5625
2185,6.375
2186,6.3125
2187,6.25
2188,6.125
2189,6
2190,5.9375
2191,5.8125
2192,5.8125
2193,5.625
2194,5.625
2195,5.5625
2196,5.4375
2197,5.4375
2198,5.375
2199,5.375
2200,5.375
2201,5.3125
2202,5.3125
2203,5.3125
2204,5.3125
2205,5.3125
2206,5.3125
2207,5.3125
2208,5.3125
2209,5.3125
2210,5.3125
2211,5.3125
2212,5.3125
2213,5.3125
2214,5.3125
2215,5.3125
2216,5.3125
2217,5.3125
2218,5.3125
2219,5.3125
2220,5.3125
2221,5.3125
2222,5.3125
2223,5.375
2224,5.375
2225,5.375
2226,5.375
2227,5.4375
2228,5.4375
2229,5.4375
2230,5.4375
2231,5.4375
2232,5.4375
2233,5.4375
2234,5.5
2235,5.5
2236,5.5
2237,5.5
2238,5.5
2239,5.5625
2240,5.5625
2241,5.5625
2242,5.5625
2243,5.5625
2244,5.5625
2245,5.5625
2246,5.5625
2247,5.5625
2248,5.5625
2249,5.5625
2250,5.5625
2251,5.625
2252,5.625
2253,5.625
2254,5.625
2255,5.625
2256,5.625
2257,5.625
2258,5.625
2259,5.625
2260,5.625
2261,5.625
2262,5.625
2263,5.625
2264,5.5625
2265,5.5625
2266,5.5625
2267,5.5625
2268,5.5625
2269,5.5625
2270,5.5625
2271,5.5625
2272,5.5625
2273,5.5625
2274,5.5625
2275,5.5625
2276,5.5625
2277,5.5625
2278,5.5625
2279,5.5625
2280,5.5625
2281,5.5625
2282,5.5625
2283,5.5625
2284,5.5625
2285,5.5625
2286,5.5625
2287,5.5625
2288,5.5625
2289,5.5625
2290,5.5625
2291,5.5625
2292,5.5625
2293,5.5625
2294,5.625
2295,5.625
2296,5.625
2297,5.625
2298,5.625
2299,5.625
2300,5.625
2301,5.625
2302,5.625
2303,5.625
2304,5.625
2305,5.625
2306,5.625
2307,5.6875
2308,5.6875
2309,5.6875
2310,5.6875
2311,5.6875
2312,5.6875
2313,5.6875
2314,5.6875
2315,5.6875
2316,5.6875
2317,5.6875
2318,5.6875
2319,5.6875
2320,5.6875
2321,5.6875
2322,5.6875
2323,5.6875
2324,5.6875
2325,5.6875
2326,5.6875
2327,5.6875
2328,5.6875
2329,5.6875
2330,5.6875
2331,5.6875
2332,5.6875
2333,5.6875
2334,5.6875
2335,5.6875
2336,5.6875
2337,5.6875
2338,5.6875
2339,5.6875
2340,5.6875
2341,5.6875
2342,5.75
2343,5.75
2344,5.75
2345,5.75
2346,5.6875
2347,5.6875
2348,5.6875
2349,5.6875
2350,5.6875
2351,5.6875
2352,5.6875
2353,5.6875
2354,5.6875
2355,5.6875
2356,5.6875
2357,5.6875
2358,5.6875
2359,5.6875
2360,5.6875
2361,5.6875
2362,5.6875
2363,5.6875
2364,5.6875
2365,5.6875
2366,5.6875
2367,5.6875
2368,5.6875
2369,5.6875
2370,5.6875
2371,5.6875
2372,5.6875
2373,5.6875
2374,5.625
2375,5.625
2376,5.625
2377,5.625
2378,5.625
2379,5.625
2380,5.625
2381,5.625
2382,5.6875
2383,5.6875
2384,5.6875
2385,5.6875
2386,5.6875
2387,5.75
2388,5.75
2389,5.75
2390,5.75
2391,5.75
2392,5.75
2393,5.75
2394,5.75
2395,5.75
2396,5.75
2397,5.75
2398,5.75
2399,5.75
2400,5.75
2401,5.75
2402,5.6875
2403,5.6875
2404,5.625
2405,5.625
2406,5.625
2407,5.625
2408,5.625
2409,5.625
2410,5.625
2411,5.6875
2412,5.6875
2413,5.75
2414,5.75
2415,5.8125
2416,5.8125
2417,5.8125
2418,5.8125
2419,5.8125
2420,5.8125
2421,5.8125
2422,5.8125
2423,5.75
2424,5.75
2425,5.6875
2426,5.6875
2427,5.6875
2428,5.6875
2429,5.6875
2430,5.6875
2431,5.6875
2432,5.75
2433,5.75
2434,5.75
2435,5.75
2436,5.75
2437,5.75
2438,5.75
2439,5.75
2440,5.75
2441,5.75
2442,5.75
2443,5.8125
2444,5.8125
2445,5.8125
2446,5.8125
2447,5.8125
2448,5.8125
2449,5.8125
2450,5.8125
2451,5.8125
2452,5.8125
2453,5.8125
2454,5.8125
2455,5.8125
2456,5.8125
2457,5.8125
2458,5.8125
2459,5.8125
2460,5.8125
2461,5.8125
2462,5.8125
2463,5.8125
2464,5.8125
2465,5.75
2466,5.75
2467,5.6875
2468,5.6875
2469,5.6875
2470,5.625
2471,5.5625
2472,5.625
2473,5.625
2474,5.625
2475,5.625
2476,5.6875
2477,5.8125
2478,5.875
2479,5.9375
2480,6.0625
2481,6.125
2482,6.1875
2483,6.25
2484,6.3125
2485,6.375
2486,6.4375
2487,6.4375
2488,6.4375
2489,6.5
2490,6.4375
2491,6.4375
2492,6.3125
2493,6.25
2494,6.125
2495,6
2496,5.9375
2497,5.8125
2498,5.6875
2499,5.625
2500,5.5
2501,5.4375
2502,5.4375
2503,5.375
2504,5.375
2505,5.375
2506,5.4375
2507,5.4375
2508,5.5625
2509,5.625
2510,5.625
2511,5.75
2512,5.75
2513,5.8125
2514,5.8125
2515,5.75
2516,5.6875
2517,5.625
2518,5.625
2519,5.5625
2520,5.5625
2521,5.5625
2522,5.5625
2523,5.5625
2524,5.5625
2525,5.5625
2526,5.625
2527,5.625
2528,5.625
2529,5.625
2530,5.625
2531,5.625
2532,5.625
2533,5.625
2534,5.625
2535,5.625
2536,5.625
2537,5.625
2538,5.625
2539,5.625
2540,5.625
2541,5.625
2542,5.625
2543,5.625
2544,5.625
2545,5.625
2546,5.625
2547,5.625
2548,5.5625
2549,5.5625
2550,5.5625
2551,5.5625
2552,5.5625
2553,5.5625
2554,5.5625
2555,5.5625
2556,5.5625
2557,5.5625
2558,5.5625
2559,5.5625
2560,5.5625
2561,5.5625
2562,5.5625
2563,5.5625
2564,5.5625
2565,5.5625
2566,5.5625
2567,5.5625
2568,5.5625
2569,5.5625
2570,5.5625
2571,5.5625
2572,5.5625
2573,5.5625
2574,5.5625
2575,5.5625
2576,5.5625
2577,5.5625
2578,5.5625
2579,5.5625
2580,5.5625
2581,5.5625
2582,5.5625
2583,5.5625
2584,5.5625
2585,5.5625
2586,5.5625
2587,5.5625
2588,5.5625
2589,5.5625
2590,5.5625
2591,5.5625
2592,5.5625
2593,5.5625
2594,5.5625
2595,5.5625
2596,5.5625
2597,5.5625
2598,5.5625
2599,5.5625
2600,5.5625
2601,5.5625
2602,5.5625
2603,5.5625
2604,5.5625
2605,5.5625
2606,5.5625
2607,5.5625
2608,5.5625
2609,5.5625
2610,5.5625
2611,5.5625
2612,5.5625
2613,5.5625
2614,5.5625
2615,5.5625
2616,5.5625
2617,5.5625
2618,5.5625
2619,5.5625
2620,5.5625
2621,5.5625
2622,5.5625
2623,5.5625
2624,5.5625
2625,5.5625
2626,5.5625
2627,5.5625
2628,5.5625
2629,5.5625
2630,5.5
2631,5.5
2632,5.5
2633,5.5
2634,5.5
2635,5.5
2636,5.5
2637,5.5
2638,5.5
2639,5.5625
2640,5.5625
2641,5.5625
2642,5.5
2643,5.5
2644,5.5
2645,5.5
2646,5.5
2647,5.5
2648,5.5
2649,5.5
2650,5.5625
2651,5.5625
2652,5.5625
2653,5.5625
2654,5.5625
2655,5.5625
2656,5.5625
2657,5.5625
2658,5.5625
2659,5.5625
2660,5.5625
2661,5.5625
2662,5.5625
2663,5.5625
2664,5.5625
2665,5.5625
2666,5.5625
2667,5.5625
2668,5.5625
2669,5.5625
2670,5.5625
2671,5.5625
2672,5.5625
2673,5.5625
2674,5.5625
2675,5.5625
2676,5.5625
2677,5.5625
2678,5.5625
2679,5.5625
2680,5.5625
2681,5.5625
2682,5.5625
2683,5.5625
2684,5.5625
2685,5.5625
2686,5.5625
2687,5.5625
2688,5.5625
2689,5.5625
2690,5.5625
2691,5.5625
2692,5.5625
2693,5.5625
2694,5.5625
2695,5.5625
2696,5.5625
2697,5.5625
2698,5.5625
2699,5.5625
2700,5.5625
2701,5.5625
2702,5.5625
2703,5.5625
2704,5.5625
2705,5.5625
2706,5.5625
2707,5.5625
2708,5.5625
2709,5.5625
2710,5.5625
2711,5.5625
2712,5.5625
2713,5.5625
2714,5.5625
2715,5.5625
2716,5.5625
2717,5.5625
2718,5.5625
2719,5.5625
2720,5.5625
2721,5.5625
2722,5.5625
2723,5.5625
2724,5.5625
2725,5.5625
2726,5.5625
2727,5.5625
2728,5.5625
2729,5.5625
2730,5.5625
2731,5.5625
2732,5.5625
2733,5.5625
2734,5.5625
2735,5.5625
2736,5.5625
2737,5.5625
2738,5.5625
2739,5.5625
2740,5.5625
2741,5.5625
2742,5.5625
2743,5.5625
2744,5.5625
2745,5.5625
2746,5.5625
2747,5.5625
2748,5.5625
2749,5.5625
2750,5.5625
2751,5.5625
2752,5.5625
2753,5.5625
2754,5.5625
2755,5.5625
2756,5.5625
2757,5.5625
2758,5.625
2759,5.625
2760,5.625
2761,5.625
2762,5.625
2763,5.625
2764,5.625
2765,5.625
2766,5.625
2767,5.625
2768,5.625
2769,5.625
2770,5.625
2771,5.625
2772,5.625
2773,5.625
2774,5.625
2775,5.625
2776,5.625
2777,5.625
2778,5.625
2779,5.625
2780,5.625
2781,5.625
2782,5.625
2783,5.625
2784,5.625
2785,5.625
2786,5.625
2787,5.625
2788,5.625
2789,5.625
2790,5.625
2791,5.625
2792,5.625
2793,5.625
2794,5.625
2795,5.625
2796,5.625
2797,5.625
2798,5.625
2799,5.625
2800,5.625
2801,5.625
2802,5.625
2803,5.625
2804,5.625
2805,5.625
2806,5.625
2807,5.625
2808,5.625
2809,5.5625
2810,5.5625
2811,5.5625
2812,5.5625
2813,5.5625
2814,5.5625
2815,5.5625
2816,5.5625
2817,5.5625
2818,5.5625
2819,5.5625
2820,5.5625
2821,5.5625
2822,5.5625
2823,5.5625
2824,5.5625
2825,5.5625
2826,5.5625
2827,5.5625
2828,5.5625
2829,5.5625
2830,5.5625
2831,5.5625
2832,5.5625
2833,5.5625
2834,5.5625
2835,5.5625
2836,5.5625
2837,5.5625
2838,5.5625
2839,5.5625
2840,5.5625
2841,5.5625
2842,5.5625
2843,5.5625
2844,5.5625
2845,5.5625
2846,5.5625
2847,5.5625
2848,5.5625
2849,5.5625
2850,5.5625
2851,5.5625
2852,5.5625
2853,5.5625
2854,5.5625
2855,5.5625
2856,5.5625
2857,5.5625
2858,5.5625
2859,5.5625
2860,5.5625
2861,5.5625
2862,5.5625
2863,5.5625
2864,5.5625
2865,5.5625
2866,5.5625
2867,5.5625
2868,5.625
2869,5.625
2870,5.625
2871,5.625
2872,5.625
2873,5.625
2874,5.625
2875,5.625
2876,5.625
2877,5.625
2878,5.625
2879,5.625
2880,5.625
2881,5.625
2882,5.625
2883,5.625
2884,5.625
2885,5.625
2886,5.625
2887,5.625
2888,5.5625
2889,5.5625
2890,5.5625
2891,5.5625
2892,5.5625
2893,5.5625
2894,5.5625
2895,5.5625
2896,5.5625
2897,5.5625
2898,5.5625
2899,5.5625
2900,5.5625
2901,5.5625
2902,5.625
2903,5.625
2904,5.625
2905,5.625
2906,5.625
2907,5.625
2908,5.625
2909,5.625
2910,5.625
2911,5.625
2912,5.625
2913,5.625
2914,5.625
2915,5.625
2916,5.625
2917,5.625
2918,5.625
2919,5.625
2920,5.625
2921,5.625
2922,5.625
2923,5.625
2924,5.625
2925,5.625
2926,5.625
2927,5.625
2928,5.625
2929,5.625
2930,5.625
2931,5.625
2932,5.625
2933,5.625
2934,5.625
2935,5.625
2936,5.625
2937,5.625
2938,5.625
2939,5.625
2940,5.625
2941,5.625
2942,5.625
2943,5.625
2944,5.625
2945,5.625
2946,5.625
2947,5.625
2948,5.5625
2949,5.5625
2950,5.5625
2951,5.5
2952,5.5
2953,5.5
2954,5.5
2955,5.5625
2956,5.5625
2957,5.5625
2958,5.5
2959,5.5
2960,5.4375
2961,5.5625
2962,5.625
2963,5.6875
2964,5.8125
2965,5.875
2966,5.9375
2967,6.0625
2968,6.25
2969,6.5
2970,6.5625
2971,6.625
2972,6.625
2973,6.6875
2974,6.75
2975,6.75
2976,6.75
2977,6.6875
2978,6.625
2979,6.625
2980,6.6875
2981,6.6875
2982,6.6875
2983,6.75
2984,6.75
2985,6.8125
2986,6.9375
2987,6.9375
2988,6.9375
2989,6.9375
2990,6.9375
2991,6.9375
2992,6.9375
2993,6.9375
2994,6.9375
2995,6.875
2996,6.8125
2997,6.75
2998,6.6875
2999,6.6875
3000,6.625
