1,-7.3125
2,-7.3125
3,-7.25
4,-7.25
5,-7.25
6,-7.25
7,-7.25
8,-7.1875
9,-7.25
10,-7.25
11,-7.25
12,-7.25
13,-7.1875
14,-7.1875
15,-7.1875
16,-7.1875
17,-7.1875
18,-7.1875
19,-7.25
20,-7.3125
21,-7.375
22,-7.375
23,-7.4375
24,-7.4375
25,-7.4375
26,-7.4375
27,-7.4375
28,-7.4375
29,-7.375
30,-7.375
31,-7.3125
32,-7.25
33,-7.1875
34,-7.125
35,-7.0625
36,-7
37,-6.9375
38,-6.875
39,-6.8125
40,-6.75
41,-6.75
42,-6.6875
43,-6.625
44,-6.625
45,-6.5625
46,-6.5625
47,-6.5
48,-6.5
49,-6.4375
50,-6.4375
51,-6.4375
52,-6.4375
53,-6.5
54,-6.5625
55,-6.5625
56,-6.5625
57,-6.5625
58,-6.5625
59,-6.5625
60,-6.5625
61,-6.5625
62,-6.5625
63,-6.625
64,-6.625
65,-6.625
66,-6.5625
67,-6.5625
68,-6.5625
69,-6.5
70,-6.5
71,-6.4375
72,-6.4375
73,-6.375
74,-6.375
75,-6.375
76,-6.375
77,-6.375
78,-6.375
79,-6.375
80,-6.375
81,-6.375
82,-6.4375
83,-6.4375
84,-6.5
85,-6.5
86,-6.5625
87,-6.5625
88,-6.625
89,-6.75
90,-6.8125
91,-6.8125
92,-6.875
93,-6.875
94,-6.875
95,-6.875
96,-6.875
97,-6.875
98,-6.6875
99,-6.1875
100,-5.5
101,-5.25
102,-5.125
103,-5
104,-5
105,-5.0625
106,-5.0625
107,-5.0625
108,-5.125
109,-5.3125
110,-5.4375
111,-5.5625
112,-5.625
113,-5.6875
114,-5.75
115,-5.875
116,-6
117,-6.125
118,-6.25
119,-6.3125
120,-6.625
121,-6.875
122,-7.1875
123,-7.5625
124,-7.75
125,-8.375
126,-8.6875
127,-8.8125
128,-9.125
129,-9.25
130,-9.25
131,-9.125
132,-9
133,-8.9375
134,-8.5625
135,-8.25
136,-7.875
137,-7.625
138,-7.5
139,-7.3125
140,-7.25
141,-7.25
142,-7.8125
143,-8.3125
144,-8.5
145,-8.875
146,-8.625
147,-8.5625
148,-8.5
149,-8.5
150,-8.5625
151,-8.5
152,-8.5
153,-8.4375
154,-8.375
155,-8.375
156,-8.3125
157,-8.3125
158,-8.3125
159,-8.3125
160,-8.375
161,-8.375
162,-8.5
163,-8.625
164,-8.6875
165,-8.8125
166,-8.8125
167,-8.875
168,-8.9375
169,-9
170,-9.0625
171,-9.125
172,-9.125
173,-9.125
174,-9.1875
175,-9.125
176,-9.125
177,-9.0625
178,-9
179,-8.9375
180,-8.8125
181,-8.6875
182,-8.625
183,-8.4375
184,-8.25
185,-8.1875
186,-8.0625
187,-7.875
188,-7.75
189,-7.6875
190,-7.5
191,-7.3125
192,-6.8125
193,-6.5625
194,-6.625
195,-6.875
196,-7.0625
197,-7.125
198,-7.4375
199,-7.75
200,-7.9375
201,-8.5625
202,-9.0625
203,-9.875
204,-10.375
205,-10.8125
206,-11.25
207,-11.4375
208,-11.625
209,-11.8125
210,-11.875
211,-11.875
212,-11.6875
213,-11.4375
214,-11.3125
215,-10.875
216,-10.6875
217,-10.125
218,-9.625
219,-9.25
220,-8.875
221,-8.5625
222,-8.4375
223,-7.9375
224,-7.75
225,-7.6875
226,-7.5625
227,-7.375
228,-7.0625
229,-6.875
230,-6.8125
231,-6.9375
232,-7.0625
233,-7.1875
234,-7.1875
235,-7.0625
236,-7
237,-6.75
238,-6.6875
239,-6.6875
240,-6.6875
241,-6.625
242,-6.5625
243,-6.375
244,-6.3125
245,-6.1875
246,-6.0625
247,-6
248,-6
249,-6
250,-6.1875
251,-6.3125
252,-6.4375
253,-6.5625
254,-6.75
255,-6.8125
256,-6.9375
257,-7.125
258,-7.25
259,-7.4375
260,-7.5625
261,-7.625
262,-7.8125
263,-8.0625
264,-8.1875
265,-8.5625
266,-8.6875
267,-8.9375
268,-9.125
269,-9.125
270,-9.1875
271,-9.125
272,-9.0625
273,-8.875
274,-8.75
275,-8.5625
276,-8.5
277,-8.5
278,-8.625
279,-8.875
280,-8.9375
281,-9.125
282,-9.1875
283,-9.25
284,-9.375
285,-9.6875
286,-9.625
287,-9.125
288,-9.0625
289,-9
290,-9.0625
291,-9.0625
292,-9.0625
293,-9.0625
294,-9.125
295,-9.125
296,-9.1875
297,-9.1875
298,-9.25
299,-9.25
300,-9.25
301,-9.25
302,-9.25
303,-9.25
304,-9.25
305,-9.25
306,-9.25
307,-9.25
308,-9.3125
309,-9.3125
310,-9.25
311,-9.25
312,-9.1875
313,-9.125
314,-9.125
315,-9.125
316,-9.0625
317,-9.0625
318,-9
319,-9
320,-8.875
321,-8.8125
322,-8.75
323,-8.75
324,-8.75
325,-8.6875
326,-8.5
327,-8.375
328,-8.375
329,-8.5
330,-8.75
331,-10.25
332,-10.4375
333,-10.6875
334,-11.3125
335,-11.5625
336,-11.9375
337,-12.3125
338,-12.4375
339,-12.4375
340,-12.3125
341,-12.25
342,-12.25
343,-12.25
344,-12.125
345,-11.875
346,-11.6875
347,-11.375
348,-11.125
349,-11
350,-10.8125
351,-10.5
352,-10.0625
353,-9.8125
354,-9.4375
355,-9.1875
356,-8.875
357,-8.625
358,-8.5
359,-8.3125
360,-7.875
361,-7.8125
362,-7.4375
363,-7.0625
364,-6.9375
365,-6.9375
366,-7.125
367,-7.125
368,-6.9375
369,-6.8125
370,-6.3125
371,-6.0625
372,-6.0625
373,-6.125
374,-6.1875
375,-6.25
376,-6.4375
377,-6.5
378,-6.5625
379,-6.5625
380,-6.625
381,-6.75
382,-7.125
383,-7.1875
384,-7.1875
385,-7.125
386,-7
387,-6.375
388,-6.125
389,-5.5625
390,-5.0625
391,-5
392,-5.0625
393,-5.5
394,-5.75
395,-6.5
396,-6.6875
397,-7.3125
398,-8.25
399,-8.5625
400,-8.625
401,-8.875
402,-8.8125
403,-8.6875
404,-8.375
405,-8.0625
406,-7.875
407,-7.3125
408,-6.75
409,-6.25
410,-5.75
411,-5.5
412,-4.8125
413,-4.75
414,-4.8125
415,-5
416,-5.25
417,-5.375
418,-5.625
419,-5.625
420,-5.5
421,-5.5625
422,-5.5625
423,-5.5625
424,-5.5
425,-5.4375
426,-5.3125
427,-5.25
428,-5.1875
429,-5.125
430,-5.125
431,-5.0625
432,-5.125
433,-5.125
434,-5.125
435,-5.0625
436,-5.0625
437,-5.0625
438,-5.125
439,-5.125
440,-5.1875
441,-5.25
442,-5.1875
443,-5.125
444,-5.125
445,-5.125
446,-5.0625
447,-5.0625
448,-5
449,-5.0625
450,-5.0625
451,-5.125
452,-5
453,-4.9375
454,-4.8125
455,-4.75
456,-4.625
457,-4.5625
458,-4.5625
459,-4.875
460,-4.9375
461,-5.1875
462,-5.4375
463,-5.5
464,-5.625
465,-5.8125
466,-5.8125
467,-6
468,-6.1875
469,-6.375
470,-6.625
471,-6.75
472,-6.8125
473,-6.75
474,-6.8125
475,-6.8125
476,-7
477,-7.125
478,-7.1875
479,-7.3125
480,-7.375
481,-7.5625
482,-7.625
483,-7.5625
484,-7.4375
485,-7.375
486,-7.3125
487,-7.0625
488,-7
489,-6.875
490,-6.625
491,-6.5625
492,-6.5625
493,-6.5
494,-6.5
495,-6.4375
496,-6.375
497,-6.375
498,-6.5
499,-6.5625
500,-6.625
501,-6.75
502,-6.8125
503,-6.9375
504,-6.9375
505,-6.9375
506,-6.9375
507,-6.9375
508,-6.9375
509,-6.9375
510,-6.9375
511,-7
512,-7
513,-6.875
514,-6.6875
515,-6.8125
516,-7
517,-7.25
518,-7.5625
519,-7.6875
520,-8.0625
521,-8.1875
522,-8.4375
523,-8.625
524,-8.6875
525,-8.8125
526,-8.875
527,-8.9375
528,-9
529,-9
530,-9
531,-9
532,-8.875
533,-8.8125
534,-8.5
535,-8.375
536,-8.3125
537,-8.3125
538,-8.375
539,-8.5
540,-8.6875
541,-8.875
542,-9
543,-9.25
544,-9.4375
545,-9.4375
546,-9.4375
547,-9.4375
548,-9.375
549,-9.375
550,-9.3125
551,-9.0625
552,-8.9375
553,-8.875
554,-8.875
555,-8.875
556,-9
557,-9.25
558,-9.3125
559,-9.5
560,-9.5
561,-9.5625
562,-9.625
563,-9.625
564,-9.6875
565,-9.625
566,-9.5
567,-9.5
568,-9.4375
569,-9.4375
570,-9.4375
571,-9.4375
572,-9.4375
573,-9.4375
574,-9.4375
575,-9.5
576,-9.5625
577,-9.5625
578,-9.625
579,-9.625
580,-9.625
581,-9.625
582,-9.625
583,-9.625
584,-9.5625
585,-9.5625
586,-9.5
587,-9.5625
588,-9.5625
589,-9.625
590,-9.6875
591,-9.75
592,-9.75
593,-9.8125
594,-9.875
595,-10
596,-10.125
597,-10.25
598,-10.8125
599,-11
600,-11.375
601,-11.625
602,-11.6875
603,-11.9375
604,-12.25
605,-12.375
606,-12.5625
607,-12.625
608,-12.625
609,-12.5625
610,-12.5
611,-12.5
612,-12.5625
613,-12.5625
614,-12.4375
615,-12
616,-11.8125
617,-11.5
618,-11.25
619,-11.1875
620,-11.0625
621,-10.875
622,-10.8125
623,-10.625
624,-10.625
625,-10.625
626,-10.375
627,-10.25
628,-10.0625
629,-9.8125
630,-9.75
631,-9.6875
632,-9.5625
633,-9.5
634,-9.125
635,-9
636,-8.875
637,-8.8125
638,-8.8125
639,-8.8125
640,-8.6875
641,-8.5625
642,-8.3125
643,-7.8125
644,-7.625
645,-7.1875
646,-7
647,-6.9375
648,-6.875
649,-6.9375
650,-7
651,-6.9375
652,-6.875
653,-6.875
654,-6.9375
655,-7
656,-7.125
657,-7.3125
658,-7.375
659,-7.5625
660,-7.8125
661,-8.25
662,-8.5625
663,-8.6875
664,-8.875
665,-9.0625
666,-9.1875
667,-9.375
668,-9.5
669,-9.625
670,-9.8125
671,-9.9375
672,-10.0625
673,-10.3125
674,-10.4375
675,-10.5625
676,-10.8125
677,-10.9375
678,-11.1875
679,-11.5
680,-11.625
681,-11.875
682,-12
683,-12
684,-11.75
685,-11.6875
686,-11.4375
687,-11.25
688,-11.125
689,-10.8125
690,-10.5
691,-10.3125
692,-10.0625
693,-9.8125
694,-9.6875
695,-9.5625
696,-9.4375
697,-9.25
698,-9.125
699,-9
700,-8.9375
701,-9.0625
702,-9.25
703,-9.5
704,-9.6875
705,-9.6875
706,-9.5
707,-9.1875
708,-9.0625
709,-8.6875
710,-8.5625
711,-8.375
712,-8.1875
713,-8.125
714,-7.9375
715,-7.875
716,-7.8125
717,-7.8125
718,-7.875
719,-7.875
720,-7.9375
721,-8
722,-8.0625
723,-8.0625
724,-8.125
725,-8.125
726,-8.0625
727,-8.0625
728,-8
729,-7.875
730,-7.875
731,-7.8125
732,-7.75
733,-7.75
734,-7.625
735,-7.625
736,-7.625
737,-7.625
738,-7.625
739,-7.625
740,-7.75
741,-7.875
742,-7.9375
743,-7.9375
744,-8
745,-8.0625
746,-8.375
747,-8.5
748,-9.125
749,-9.3125
750,-9.5
751,-10
752,-10.125
753,-10.3125
754,-10.625
755,-10.6875
756,-10.6875
757,-10.625
758,-10.5625
759,-10.5625
760,-10.625
761,-10.625
762,-10.4375
763,-10.3125
764,-10.25
765,-10.1875
766,-10.25
767,-10.3125
768,-10.4375
769,-10.5
770,-10.4375
771,-10.5
772,-10.5625
773,-10.5625
774,-10.5625
775,-10.5
776,-10.375
777,-10.3125
778,-10.3125
779,-10.1875
780,-10.125
781,-10.0625
782,-9.8125
783,-9.6875
784,-9.125
785,-8.9375
786,-8.5625
787,-7.875
788,-7.6875
789,-7.4375
790,-7.3125
791,-7.3125
792,-7.375
793,-7.4375
794,-7.5625
795,-7.75
796,-8
797,-8.125
798,-8.4375
799,-8.5625
800,-8.8125
801,-9.1875
802,-9.1875
803,-9.1875
804,-9.5625
805,-9.8125
806,-10.125
807,-10.375
808,-10.4375
809,-10.5625
810,-10.625
811,-10.6875
812,-10.8125
813,-10.875
814,-11.0625
815,-11.25
816,-11.375
817,-11.4375
818,-11.5625
819,-11.5625
820,-11.5625
821,-11.4375
822,-11.4375
823,-11.375
824,-11.375
825,-11.375
826,-11.1875
827,-11.125
828,-11
829,-10.6875
830,-10.6875
831,-10.625
832,-10.5
833,-10.5
834,-10.375
835,-10.3125
836,-10.25
837,-10.0625
838,-10
839,-9.9375
840,-10.0625
841,-10.1875
842,-10.5
843,-11.3125
844,-11.375
845,-11.375
846,-11.25
847,-11
848,-10.8125
849,-10.75
850,-10.6875
851,-10.5
852,-10.4375
853,-10.4375
854,-10.3125
855,-10.3125
856,-10.3125
857,-10.375
858,-10.375
859,-10.4375
860,-10.5
861,-10.5
862,-10.625
863,-10.625
864,-10.6875
865,-10.75
866,-10.75
867,-10.75
868,-10.75
869,-10.6875
870,-10.625
871,-10.5625
872,-10.5
873,-10.3125
874,-10.25
875,-10.1875
876,-10.1875
877,-10.125
878,-10.125
879,-10.125
880,-10.0625
881,-9.875
882,-9.8125
883,-9.6875
884,-9.625
885,-9.5625
886,-9.375
887,-8.9375
888,-8.4375
889,-8.375
890,-8.4375
891,-8.4375
892,-8.5
893,-8.6875
894,-8.9375
895,-9.125
896,-9.375
897,-9.6875
898,-10.1875
899,-10.3125
900,-10.625
901,-10.875
902,-10.9375
903,-11
904,-11
905,-11
906,-11
907,-11
908,-11
909,-10.875
910,-10.8125
911,-10.6875
912,-10.75
913,-10.75
914,-10.6875
915,-10.5
916,-10.375
917,-10.3125
918,-10.1875
919,-10.1875
920,-10.125
921,-10
922,-9.875
923,-9.6875
924,-9.5625
925,-9.5
926,-9.375
927,-9.1875
928,-9.0625
929,-8.9375
930,-8.8125
931,-8.8125
932,-8.8125
933,-8.625
934,-8.125
935,-7.8125
936,-7.6875
937,-7.5
938,-7.4375
939,-7.4375
940,-7.5
941,-7.5
942,-7.5625
943,-7.625
944,-7.625
945,-7.625
946,-7.625
947,-7.625
948,-7.5625
949,-7.6875
950,-7.9375
951,-8.375
952,-8.8125
953,-8.9375
954,-9.3125
955,-9.4375
956,-9.5625
957,-9.8125
958,-9.9375
959,-10.3125
960,-10.5
961,-10.875
962,-11.4375
963,-11.6875
964,-11.875
965,-12.3125
966,-12.3125
967,-12.375
968,-12.75
969,-12.875
970,-12.875
971,-12.875
972,-12.875
973,-12.8125
974,-12.75
975,-12.5
976,-12.0625
977,-11.875
978,-11.75
979,-11.625
980,-11.625
981,-11.5625
982,-11.375
983,-11.3125
984,-11.375
985,-11.375
986,-11.375
987,-11.4375
988,-11.4375
989,-11.5625
990,-11.875
991,-11.875
992,-11.8125
993,-11.8125
994,-11.875
995,-12.125
996,-12.1875
997,-12.3125
998,-12.25
999,-12.1875
1000,-12.125
1001,-12
1002,-12
1003,-12
1004,-12
1005,-12.0625
1006,-12.0625
1007,-12.0625
1008,-12.0625
1009,-12
1010,-12
1011,-11.9375
1012,-11.9375
1013,-11.875
1014,-11.8125
1015,-11.75
1016,-11.6875
1017,-11.625
1018,-11.5
1019,-11.375
1020,-11.3125
1021,-11.3125
1022,-11.3125
1023,-11.3125
1024,-11.3125
1025,-11.3125
1026,-11.3125
1027,-11.375
1028,-11.375
1029,-11.375
1030,-11.375
1031,-11.3125
1032,-11.3125
1033,-11.3125
1034,-11.25
1035,-11.125
1036,-11.125
1037,-11
1038,-11.0625
1039,-11.125
1040,-11.25
1041,-11.25
1042,-11.125
1043,-11.0625
1044,-11.125
1045,-11.125
1046,-11.25
1047,-11.3125
1048,-11.4375
1049,-11.5625
1050,-11.6875
1051,-11.9375
1052,-12.3125
1053,-12.5
1054,-12.875
1055,-13.1875
1056,-13.25
1057,-13.1875
1058,-13.1875
1059,-13
1060,-12.9375
1061,-12.9375
1062,-12.9375
1063,-12.8125
1064,-12.75
1065,-12.625
1066,-12.5
1067,-12.375
1068,-12.3125
1069,-12.1875
1070,-12.0625
1071,-11.8125
1072,-11.625
1073,-11.375
1074,-11.25
1075,-11.1875
1076,-11.0625
1077,-10.9375
1078,-10.6875
1079,-10.5625
1080,-10.3125
1081,-10.0625
1082,-9.8125
1083,-9.6875
1084,-9.5
1085,-9.4375
1086,-9.375
1087,-9.25
1088,-9.0625
1089,-8.9375
1090,-8.625
1091,-8.375
1092,-8.125
1093,-7.8125
1094,-7.625
1095,-7.5
1096,-7.4375
1097,-7.5
1098,-7.5625
1099,-7.8125
1100,-7.9375
1101,-8.1875
1102,-8.4375
1103,-8.5625
1104,-8.5625
1105,-8.75
1106,-9.125
1107,-9.5
1108,-9.6875
1109,-10.0625
1110,-10.3125
1111,-10.4375
1112,-10.625
1113,-10.8125
1114,-10.9375
1115,-11.125
1116,-11.3125
1117,-11.3125
1118,-11.5
1119,-11.625
1120,-11.75
1121,-11.875
1122,-11.9375
1123,-12
1124,-12.0625
1125,-12.0625
1126,-12.125
1127,-12.1875
1128,-12.1875
1129,-12.125
1130,-12
1131,-11.875
1132,-11.8125
1133,-11.75
1134,-11.6875
1135,-11.5625
1136,-11.5
1137,-11.375
1138,-11.375
1139,-11.375
1140,-11.375
1141,-11.375
1142,-11.3125
1143,-11.3125
1144,-11.375
1145,-12
1146,-12.375
1147,-12.4375
1148,-12.4375
1149,-12.4375
1150,-12.5
1151,-12.6875
1152,-13
1153,-13.1875
1154,-13.1875
1155,-13.125
1156,-13.0625
1157,-13.0625
1158,-13
1159,-12.9375
1160,-12.875
1161,-12.875
1162,-12.875
1163,-12.875
1164,-12.9375
1165,-13
1166,-13
1167,-12.9375
1168,-12.875
1169,-12.8125
1170,-12.8125
1171,-12.75
1172,-12.75
1173,-12.8125
1174,-12.875
1175,-12.9375
1176,-12.9375
1177,-13
1178,-13
1179,-13.0625
1180,-13
1181,-12.9375
1182,-12.6875
1183,-12.3125
1184,-11.875
1185,-11.0625
1186,-10.6875
1187,-10.0625
1188,-9.75
1189,-9.75
1190,-9.875
1191,-10.125
1192,-10.375
1193,-10.6875
1194,-11
1195,-11.3125
1196,-11.5625
1197,-11.625
1198,-11.75
1199,-11.75
1200,-11.8125
1201,-11.875
1202,-11.875
1203,-11.75
1204,-11.75
1205,-11.8125
1206,-11.875
1207,-11.9375
1208,-12
1209,-12
1210,-12.0625
1211,-12
1212,-11.875
1213,-11.6875
1214,-11.4375
1215,-11.3125
1216,-11.1875
1217,-11
1218,-10.8125
1219,-10.6875
1220,-10.3125
1221,-10.1875
1222,-10.0625
1223,-10
1224,-9.8125
1225,-9.625
1226,-9.125
1227,-8.5625
1228,-8
1229,-7.5625
1230,-7.3125
1231,-7.3125
1232,-7.4375
1233,-7.5625
1234,-7.8125
1235,-8
1236,-8.0625
1237,-8.25
1238,-8.375
1239,-8.5
1240,-8.75
1241,-8.875
1242,-9.625
1243,-9.8125
1244,-10
1245,-10.1875
1246,-10.3125
1247,-10.375
1248,-10.5
1249,-10.625
1250,-10.6875
1251,-10.8125
1252,-11
1253,-11.0625
1254,-11.125
1255,-11.25
1256,-11.3125
1257,-11.4375
1258,-11.4375
1259,-11.4375
1260,-11.5
1261,-11.5625
1262,-11.5625
1263,-11.625
1264,-11.6875
1265,-11.75
1266,-11.8125
1267,-11.8125
1268,-11.6875
1269,-11.5625
1270,-11.125
1271,-11.25
1272,-11.375
1273,-12.125
1274,-12.125
1275,-12.125
1276,-11.8125
1277,-11.625
1278,-11.375
1279,-11.1875
1280,-11.125
1281,-11.0625
1282,-11.0625
1283,-11.125
1284,-11.25
1285,-11.0625
1286,-10.6875
1287,-10.5625
1288,-10.4375
1289,-10.1875
1290,-10.0625
1291,-9.875
1292,-9.4375
1293,-9.375
1294,-9.125
1295,-9
1296,-8.875
1297,-8.8125
1298,-8.75
1299,-8.6875
1300,-8.5625
1301,-8.5625
1302,-8.5
1303,-8.5
1304,-8.5
1305,-8.5
1306,-8.4375
1307,-8.375
1308,-8.3125
1309,-8.1875
1310,-8.125
1311,-8
1312,-7.875
1313,-7.875
1314,-7.875
1315,-8
1316,-8.1875
1317,-8.6875
1318,-8.75
1319,-8.875
1320,-9.1875
1321,-9.25
1322,-9.375
1323,-9.625
1324,-9.6875
1325,-9.875
1326,-10
1327,-10.0625
1328,-10.3125
1329,-10.25
1330,-10.125
1331,-9.6875
1332,-9.5
1333,-9.4375
1334,-9.5
1335,-9.5625
1336,-9.6875
1337,-9.6875
1338,-9.6875
1339,-9.5
1340,-9.5
1341,-9.6875
1342,-9.9375
1343,-9.875
1344,-9.8125
1345,-9.625
1346,-9.5625
1347,-9.3125
1348,-9.1875
1349,-9.125
1350,-9
1351,-8.875
1352,-8.9375
1353,-8.875
1354,-8.875
1355,-8.875
1356,-8.25
1357,-7.8125
1358,-7.5
1359,-7.0625
1360,-6.9375
1361,-6.875
1362,-6.9375
1363,-7
1364,-7.125
1365,-7.3125
1366,-7.4375
1367,-7.5625
1368,-7.6875
1369,-7.6875
1370,-7.75
1371,-7.875
1372,-7.9375
1373,-8.125
1374,-8.3125
1375,-8.4375
1376,-8.625
1377,-8.8125
1378,-9.4375
1379,-10.125
1380,-10.625
1381,-10.9375
1382,-11.125
1383,-11.1875
1384,-11.3125
1385,-11.4375
1386,-11.4375
1387,-11.5625
1388,-11.6875
1389,-11.8125
1390,-11.875
1391,-12
1392,-12.0625
1393,-12.125
1394,-12.125
1395,-12.125
1396,-12.125
1397,-12.125
1398,-12
1399,-11.9375
1400,-11.9375
1401,-12
1402,-12
1403,-11.875
1404,-11.75
1405,-11.6875
1406,-11.625
1407,-11.625
1408,-11.5625
1409,-11.5625
1410,-11.375
1411,-11.3125
1412,-11.375
1413,-11.5
1414,-11.5625
1415,-11.5
1416,-11.4375
1417,-11.5625
1418,-12
1419,-12.25
1420,-12.6875
1421,-12.625
1422,-12.5
1423,-12.0625
1424,-12
1425,-11.8125
1426,-11.75
1427,-11.6875
1428,-11.5
1429,-11.5
1430,-11.5
1431,-11.75
1432,-11.875
1433,-11.9375
1434,-12.125
1435,-12.25
1436,-12.375
1437,-12.375
1438,-12.375
1439,-12.375
1440,-12.4375
1441,-12.4375
1442,-12.375
1443,-12.375
1444,-12.375
1445,-12.3125
1446,-12.25
1447,-12.25
1448,-12.3125
1449,-12.3125
1450,-12.3125
1451,-12.3125
1452,-12.1875
1453,-11.5
1454,-11.125
1455,-11
1456,-10.875
1457,-10.875
1458,-11.0625
1459,-11.625
1460,-12
1461,-12.375
1462,-12.625
1463,-12.9375
1464,-13.1875
1465,-13.4375
1466,-13.5625
1467,-13.5625
1468,-13.5
1469,-13.5
1470,-13.5
1471,-13.4375
1472,-13.4375
1473,-13.375
1474,-13.375
1475,-13.1875
1476,-12.9375
1477,-12.8125
1478,-12.625
1479,-12.625
1480,-12.5625
1481,-12.3125
1482,-12.125
1483,-11.9375
1484,-11.8125
1485,-11.625
1486,-11.3125
1487,-11
1488,-10.75
1489,-10.1875
1490,-9.9375
1491,-9.6875
1492,-9.5
1493,-9.25
1494,-9.125
1495,-8.8125
1496,-8.625
1497,-8.5
1498,-8.4375
1499,-8.4375
1500,-8.375
1501,-8.3125
1502,-8.375
1503,-8.4375
1504,-8.4375
1505,-8.5
1506,-8.5625
1507,-8.6875
1508,-9
1509,-9.375
1510,-9.5625
1511,-10.3125
1512,-10.4375
1513,-10.75
1514,-11
1515,-11.125
1516,-11.375
1517,-11.5625
1518,-11.625
1519,-11.875
1520,-12.0625
1521,-12.25
1522,-12.625
1523,-12.625
1524,-12.625
1525,-12.625
1526,-12.5625
1527,-12.5
1528,-12.375
1529,-12.3125
1530,-12.25
1531,-12.25
1532,-12.25
1533,-12.125
1534,-12.0625
1535,-11.875
1536,-11.75
1537,-11.6875
1538,-11.625
1539,-11.625
1540,-11.5625
1541,-11.3125
1542,-11.0625
1543,-10.9375
1544,-10.75
1545,-10.6875
1546,-10.6875
1547,-10.625
1548,-10.6875
1549,-10.75
1550,-10.75
1551,-10.75
1552,-10.75
1553,-10.875
1554,-10.875
1555,-10.9375
1556,-10.8125
1557,-10.8125
1558,-10.6875
1559,-10.625
1560,-10.625
1561,-10.625
1562,-10.625
1563,-10.6875
1564,-10.75
1565,-10.75
1566,-10.8125
1567,-10.8125
1568,-10.875
1569,-10.875
1570,-10.9375
1571,-10.9375
1572,-10.9375
1573,-10.9375
1574,-11
1575,-11.0625
1576,-11.125
1577,-11.1875
1578,-11.25
1579,-11.3125
1580,-11.3125
1581,-11.3125
1582,-11.375
1583,-11.375
1584,-11.4375
1585,-11.4375
1586,-11.4375
1587,-11.5
1588,-11.5
1589,-11.5
1590,-11.5
1591,-11.5
1592,-11.4375
1593,-11.4375
1594,-11.3125
1595,-11.25
1596,-11.1875
1597,-10.5625
1598,-9.875
1599,-9.375
1600,-8.8125
1601,-8.1875
1602,-7.5625
1603,-6.875
1604,-6.6875
1605,-6.8125
1606,-7.1875
1607,-7.6875
1608,-8.25
1609,-8.8125
1610,-9.125
1611,-9.8125
1612,-10.3125
1613,-10.5625
1614,-11.375
1615,-11.625
1616,-12.25
1617,-12.375
1618,-12.375
1619,-12.375
1620,-12.375
1621,-12.4375
1622,-12.5
1623,-12.375
1624,-12.3125
1625,-12.0625
1626,-11.8125
1627,-11.6875
1628,-11.5625
1629,-11.4375
1630,-11.375
1631,-11.25
1632,-11.1875
1633,-11.1875
1634,-11.0625
1635,-11
1636,-10.625
1637,-10.4375
1638,-10.375
1639,-10.125
1640,-9.9375
1641,-9.25
1642,-8.5
1643,-8.125
1644,-6.9375
1645,-6.625
1646,-6.5
1647,-6.5
1648,-6.4375
1649,-6.3125
1650,-6.125
1651,-6.0625
1652,-5.8125
1653,-5.5625
1654,-5.5
1655,-5.5625
1656,-5.8125
1657,-6.125
1658,-6.375
1659,-6.6875
1660,-6.75
1661,-6.8125
1662,-6.8125
1663,-6.75
1664,-6.625
1665,-6.4375
1666,-6.25
1667,-6.1875
1668,-6.25
1669,-6.4375
1670,-6.625
1671,-6.8125
1672,-7.375
1673,-7.875
1674,-8.0625
1675,-8.5625
1676,-8.6875
1677,-8.875
1678,-9.0625
1679,-9.25
1680,-9.5
1681,-9.75
1682,-10.0625
1683,-10.3125
1684,-10.4375
1685,-10.625
1686,-10.75
1687,-10.875
1688,-10.9375
1689,-11.1875
1690,-11.25
1691,-11.3125
1692,-11.25
1693,-11.1875
1694,-11
1695,-11
1696,-10.9375
1697,-10.6875
1698,-10.5625
1699,-10.5
1700,-10.1875
1701,-10.0625
1702,-10
1703,-9.875
1704,-9.875
1705,-10.4375
1706,-10.6875
1707,-11.1875
1708,-11.5
1709,-11.5625
1710,-11.5625
1711,-11.375
1712,-11.4375
1713,-11.625
1714,-11.5
1715,-11.5
1716,-11.4375
1717,-11.4375
1718,-11.25
1719,-11.125
1720,-11.0625
1721,-11.0625
1722,-11.0625
1723,-11.0625
1724,-11.125
1725,-11.125
1726,-11.125
1727,-11.125
1728,-11.1875
1729,-11.1875
1730,-11.1875
1731,-11.1875
1732,-11.1875
1733,-11.25
1734,-11.25
1735,-11.25
1736,-11.1875
1737,-11.1875
1738,-11.25
1739,-11.25
1740,-11.3125
1741,-11.1875
1742,-11.1875
1743,-11.0625
1744,-11
1745,-10.9375
1746,-10.875
1747,-10.75
1748,-10.6875
1749,-10.5625
1750,-10.5
1751,-10.4375
1752,-10.375
1753,-10.3125
1754,-10.25
1755,-10
1756,-9.875
1757,-9.4375
1758,-9.0625
1759,-9
1760,-9.25
1761,-9.5
1762,-9.9375
1763,-10.4375
1764,-10.6875
1765,-11.1875
1766,-11.625
1767,-11.8125
1768,-12.1875
1769,-12.4375
1770,-12.5625
1771,-12.75
1772,-12.9375
1773,-12.9375
1774,-12.9375
1775,-12.9375
1776,-12.9375
1777,-12.875
1778,-12.875
1779,-12.8125
1780,-12.6875
1781,-12.625
1782,-12.375
1783,-12.3125
1784,-12.25
1785,-12.125
1786,-12.0625
1787,-12
1788,-11.9375
1789,-11.9375
1790,-11.9375
1791,-11.875
1792,-11.8125
1793,-11.75
1794,-11.625
1795,-11.5625
1796,-11.375
1797,-11.3125
1798,-11.25
1799,-10.9375
1800,-10.8125
1801,-10.5625
1802,-10.25
1803,-10.1875
1804,-10.0625
1805,-9.875
1806,-9.8125
1807,-9.625
1808,-9.375
1809,-9.1875
1810,-8.6875
1811,-8.4375
1812,-8.3125
1813,-7.9375
1814,-7.8125
1815,-7.75
1816,-7.8125
1817,-7.9375
1818,-8
1819,-8.125
1820,-8.1875
1821,-8.3125
1822,-8.4375
1823,-8.5625
1824,-8.875
1825,-9
1826,-9
1827,-8.875
1828,-8.8125
1829,-8.875
1830,-9.0625
1831,-9.125
1832,-9.5
1833,-10.125
1834,-10.4375
1835,-10.5625
1836,-10.6875
1837,-10.8125
1838,-11.125
1839,-11.3125
1840,-11.375
1841,-11.5625
1842,-11.5625
1843,-11.5625
1844,-11.5625
1845,-11.625
1846,-11.6875
1847,-11.75
1848,-11.8125
1849,-11.8125
1850,-11.8125
1851,-11.8125
1852,-11.8125
1853,-11.8125
1854,-11.75
1855,-11.625
1856,-11.625
1857,-11.625
1858,-11.75
1859,-11.8125
1860,-12.125
1861,-12.1875
1862,-12.1875
1863,-12.25
1864,-12.1875
1865,-12.1875
1866,-12.125
1867,-12.125
1868,-12.0625
1869,-12.125
1870,-12.25
1871,-12.5625
1872,-12.6875
1873,-12.75
1874,-13.125
1875,-13.125
1876,-13.125
1877,-12.9375
1878,-12.8125
1879,-12.4375
1880,-12.25
1881,-12.125
1882,-11.9375
1883,-11.8125
1884,-11.75
1885,-11.5625
1886,-11.5
1887,-11.5
1888,-11.5
1889,-11.5625
1890,-11.625
1891,-11.6875
1892,-11.6875
1893,-11.75
1894,-11.75
1895,-11.75
1896,-11.8125
1897,-11.8125
1898,-11.8125
1899,-11.8125
1900,-11.75
1901,-11.6875
1902,-11.625
1903,-11.5625
1904,-11.5625
1905,-11.5
1906,-11.4375
1907,-11.3125
1908,-11.1875
1909,-11.125
1910,-11.0625
1911,-11.0625
1912,-11.0625
1913,-11
1914,-10.9375
1915,-10.9375
1916,-10.9375
1917,-10.9375
1918,-10.9375
1919,-11.0625
1920,-11.125
1921,-11.25
1922,-11.3125
1923,-11.3125
1924,-11.5
1925,-11.5
1926,-11.5
1927,-11.4375
1928,-11.375
1929,-11.375
1930,-11.25
1931,-11.25
1932,-11.1875
1933,-11.1875
1934,-11.3125
1935,-11.5
1936,-11.625
1937,-11.75
1938,-11.875
1939,-11.9375
1940,-11.9375
1941,-11.6875
1942,-11.5625
1943,-11.4375
1944,-11.4375
1945,-11.4375
1946,-11.4375
1947,-11.375
1948,-11.25
1949,-11.1875
1950,-11.125
1951,-11.0625
1952,-11
1953,-10.9375
1954,-10.8125
1955,-10.6875
1956,-10.6875
1957,-10.6875
1958,-10.6875
1959,-10.625
1960,-10.5625
1961,-10.4375
1962,-10.125
1963,-9.5
1964,-9.1875
1965,-8.5625
1966,-8.0625
1967,-7.9375
1968,-7.6875
1969,-7.6875
1970,-7.6875
1971,-7.75
1972,-7.75
1973,-7.6875
1974,-7.625
1975,-7.5
1976,-7.25
1977,-6.875
1978,-6.6875
1979,-6.375
1980,-6.25
1981,-6.1875
1982,-6.125
1983,-6.125
1984,-6.1875
1985,-6.25
1986,-6.25
1987,-6.25
1988,-6.25
1989,-6.1875
1990,-6.1875
1991,-6.25
1992,-6.25
1993,-6.3125
1994,-6.3125
1995,-6.25
1996,-6.125
1997,-6.0625
1998,-5.9375
1999,-5.9375
2000,-5.9375
2001,-5.9375
2002,-6.0625
2003,-6.0625
2004,-6.125
2005,-6.125
2006,-6.125
2007,-6.0625
2008,-6.0625
2009,-6.125
2010,-6.125
2011,-6.125
2012,-6.125
2013,-6.125
2014,-6.125
2015,-6.125
2016,-6.1875
2017,-6.25
2018,-6.25
2019,-6.25
2020,-6.1875
2021,-6.125
2022,-6.125
2023,-6.0625
2024,-5.9375
2025,-5.9375
2026,-5.875
2027,-5.875
2028,-5.9375
2029,-5.9375
2030,-5.9375
2031,-6
2032,-6
2033,-6.0625
2034,-6.125
2035,-6.1875
2036,-6.1875
2037,-6.1875
2038,-6.25
2039,-6.25
2040,-6.25
2041,-6.25
2042,-6.25
2043,-6.1875
2044,-6.1875
2045,-6.1875
2046,-6.1875
2047,-6.1875
2048,-6.125
2049,-6.1875
2050,-6.1875
2051,-6.1875
2052,-6.25
2053,-6.25
2054,-6.25
2055,-6.3125
2056,-6.3125
2057,-6.3125
2058,-6.3125
2059,-6.3125
2060,-6.375
2061,-6.375
2062,-6.375
2063,-6.375
2064,-6.4375
2065,-6.4375
2066,-6.5
2067,-6.5
2068,-6.5
2069,-6.5
2070,-6.5
2071,-6.5
2072,-6.5625
2073,-6.5625
2074,-6.5625
2075,-6.5625
2076,-6.5625
2077,-6.5625
2078,-6.5625
2079,-6.5625
2080,-6.5625
2081,-6.5625
2082,-6.5625
2083,-6.5625
2084,-6.5625
2085,-6.5625
2086,-6.5625
2087,-6.5625
2088,-6.5625
2089,-6.5625
2090,-6.5625
2091,-6.5625
2092,-6.5625
2093,-6.5625
2094,-6.5
2095,-6.5
2096,-6.5
2097,-6.5
2098,-6.5
2099,-6.5
2100,-6.5
2101,-6.5
2102,-6.5
2103,-6.5
2104,-6.5
2105,-6.5
2106,-6.5
2107,-6.5
2108,-6.5
2109,-6.5
2110,-6.5
2111,-6.5
2112,-6.5
2113,-6.5
2114,-6.5
2115,-6.5
2116,-6.5
2117,-6.5
2118,-6.5
2119,-6.5
2120,-6.5
2121,-6.5
2122,-6.5
2123,-6.5
2124,-6.5
2125,-6.5
2126,-6.5
2127,-6.5
2128,-6.5
2129,-6.5
2130,-6.5
2131,-6.5
2132,-6.5
2133,-6.5
2134,-6.5
2135,-6.5
2136,-6.5
2137,-6.5
2138,-6.5
2139,-6.5
2140,-6.5
2141,-6.5
2142,-6.5
2143,-6.5
2144,-6.5
2145,-6.5
2146,-6.5
2147,-6.5
2148,-6.5
2149,-6.5
2150,-6.5
2151,-6.5
2152,-6.5
2153,-6.5
2154,-6.5625
2155,-6.5625
2156,-6.5625
2157,-6.5625
2158,-6.5625
2159,-6.5625
2160,-6.5625
2161,-6.5625
2162,-6.5625
2163,-6.5625
2164,-6.5625
2165,-6.5625
2166,-6.5625
2167,-6.5625
2168,-6.5625
2169,-6.5625
2170,-6.5625
2171,-6.5625
2172,-6.5625
2173,-6.5625
2174,-6.5625
2175,-6.5625
2176,-6.5625
2177,-6.5625
2178,-6.5625
2179,-6.5625
2180,-6.5625
2181,-6.5625
2182,-6.5625
2183,-6.5625
2184,-6.5625
2185,-6.5625
2186,-6.5625
2187,-6.5625
2188,-6.5625
2189,-6.5625
2190,-6.5625
2191,-6.5625
2192,-6.5625
2193,-6.5625
2194,-6.5625
2195,-6.5625
2196,-6.5625
2197,-6.5625
2198,-6.5625
2199,-6.5625
2200,-6.5625
2201,-6.5625
2202,-6.5625
2203,-6.5625
2204,-6.5625
2205,-6.5625
2206,-6.5625
2207,-6.5625
2208,-6.5625
2209,-6.5625
2210,-6.5625
2211,-6.5625
2212,-6.5625
2213,-6.5625
2214,-6.5625
2215,-6.5625
2216,-6.5625
2217,-6.5625
2218,-6.5625
2219,-6.5625
2220,-6.5625
2221,-6.5625
2222,-6.5625
2223,-6.5625
2224,-6.5625
2225,-6.5625
2226,-6.5625
2227,-6.5625
2228,-6.5625
2229,-6.5625
2230,-6.5625
2231,-6.5625
2232,-6.5625
2233,-6.5625
2234,-6.5625
2235,-6.5625
2236,-6.5625
2237,-6.5625
2238,-6.5625
2239,-6.5625
2240,-6.5625
2241,-6.5625
2242,-6.5625
2243,-6.5625
2244,-6.5625
2245,-6.5625
2246,-6.5625
2247,-6.5625
2248,-6.5625
2249,-6.5625
2250,-6.5625
2251,-6.5625
2252,-6.5625
2253,-6.5625
2254,-6.5625
2255,-6.5625
2256,-6.5625
2257,-6.5625
2258,-6.5625
2259,-6.5625
2260,-6.5625
2261,-6.5625
2262,-6.5625
2263,-6.5625
2264,-6.5625
2265,-6.5625
2266,-6.5625
2267,-6.5625
2268,-6.5625
2269,-6.5625
2270,-6.5625
2271,-6.5625
2272,-6.5625
2273,-6.5625
2274,-6.5625
2275,-6.5625
2276,-6.5625
2277,-6.5625
2278,-6.5625
2279,-6.5625
2280,-6.5625
2281,-6.5625
2282,-6.5625
2283,-6.5625
2284,-6.5625
2285,-6.5625
2286,-6.5625
2287,-6.5625
2288,-6.5625
2289,-6.5625
2290,-6.5625
2291,-6.5625
2292,-6.5625
2293,-6.5625
2294,-6.5625
2295,-6.5625
2296,-6.5625
2297,-6.5625
2298,-6.5625
2299,-6.5625
2300,-6.5625
2301,-6.5625
2302,-6.5625
2303,-6.5625
2304,-6.5625
2305,-6.5625
2306,-6.5625
2307,-6.5625
2308,-6.5625
2309,-6.5625
2310,-6.5625
2311,-6.5625
2312,-6.5625
2313,-6.5625
2314,-6.5625
2315,-6.5625
2316,-6.5625
2317,-6.5625
2318,-6.5625
2319,-6.5625
2320,-6.5625
2321,-6.5625
2322,-6.5625
2323,-6.5625
2324,-6.5625
2325,-6.5625
2326,-6.5625
2327,-6.5625
2328,-6.5625
2329,-6.5625
2330,-6.5625
2331,-6.5625
2332,-6.5625
2333,-6.5625
2334,-6.5625
2335,-6.5625
2336,-6.5625
2337,-6.5625
2338,-6.5625
2339,-6.5625
2340,-6.5625
2341,-6.5625
2342,-6.5625
2343,-6.5625
2344,-6.5625
2345,-6.5625
2346,-6.5625
2347,-6.5625
2348,-6.5625
2349,-6.5625
2350,-6.5625
2351,-6.5625
2352,-6.5625
2353,-6.5625
2354,-6.5625
2355,-6.5625
2356,-6.5625
2357,-6.5625
2358,-6.5625
2359,-6.5625
2360,-6.5625
2361,-6.5625
2362,-6.5625
2363,-6.5625
2364,-6.5625
2365,-6.5625
2366,-6.5625
2367,-6.5625
2368,-6.5625
2369,-6.5625
2370,-6.5625
2371,-6.5625
2372,-6.5625
2373,-6.5625
2374,-6.5625
2375,-6.5625
2376,-6.5625
2377,-6.5625
2378,-6.5625
2379,-6.5625
2380,-6.5625
2381,-6.5625
2382,-6.5625
2383,-6.5625
2384,-6.5625
2385,-6.5625
2386,-6.5625
2387,-6.5625
2388,-6.5625
2389,-6.5625
2390,-6.5625
2391,-6.5625
2392,-6.5625
2393,-6.5625
2394,-6.5625
2395,-6.5625
2396,-6.5625
2397,-6.5625
2398,-6.5625
2399,-6.5625
2400,-6.5625
2401,-6.5625
2402,-6.5625
2403,-6.5625
2404,-6.5625
2405,-6.5625
2406,-6.5625
2407,-6.5625
2408,-6.5625
2409,-6.5625
2410,-6.5625
2411,-6.5625
2412,-6.5625
2413,-6.5625
2414,-6.5625
2415,-6.5625
2416,-6.5625
2417,-6.5625
2418,-6.5625
2419,-6.5625
2420,-6.5625
2421,-6.5625
2422,-6.5625
2423,-6.5625
2424,-6.5625
2425,-6.5625
2426,-6.5625
2427,-6.5625
2428,-6.5625
2429,-6.5625
2430,-6.5625
2431,-6.5625
2432,-6.5625
2433,-6.5625
2434,-6.5625
2435,-6.5625
2436,-6.5625
2437,-6.5625
2438,-6.5625
2439,-6.5625
2440,-6.5625
2441,-6.5625
2442,-6.5625
2443,-6.5625
2444,-6.5625
2445,-6.5625
2446,-6.5625
2447,-6.5625
2448,-6.5625
2449,-6.5625
2450,-6.5625
2451,-6.5625
2452,-6.5625
2453,-6.5625
2454,-6.5625
2455,-6.5625
2456,-6.5625
2457,-6.5625
2458,-6.5625
2459,-6.5625
2460,-6.5625
2461,-6.5625
2462,-6.5625
2463,-6.5625
2464,-6.5625
2465,-6.5625
2466,-6.5625
2467,-6.5
2468,-6.5
2469,-6.5
2470,-6.5
2471,-6.5
2472,-6.5
2473,-6.5
2474,-6.5
2475,-6.5
2476,-6.5
2477,-6.5
2478,-6.5
2479,-6.5
2480,-6.5625
2481,-6.5625
2482,-6.5625
2483,-6.5625
2484,-6.5625
2485,-6.5625
2486,-6.5625
2487,-6.5625
2488,-6.5625
2489,-6.5625
2490,-6.5625
2491,-6.5625
2492,-6.5625
2493,-6.5625
2494,-6.5625
2495,-6.5625
2496,-6.5625
2497,-6.5625
2498,-6.5625
2499,-6.5625
2500,-6.5625
2501,-6.5625
2502,-6.5625
2503,-6.5625
2504,-6.5625
2505,-6.5625
2506,-6.5625
2507,-6.5625
2508,-6.5625
2509,-6.5625
2510,-6.5625
2511,-6.5625
2512,-6.5625
2513,-6.5625
2514,-6.5625
2515,-6.5625
2516,-6.5625
2517,-6.5625
2518,-6.5625
2519,-6.625
2520,-6.625
2521,-6.625
2522,-6.625
2523,-6.625
2524,-6.625
2525,-6.625
2526,-6.625
2527,-6.625
2528,-6.625
2529,-6.625
2530,-6.625
2531,-6.625
2532,-6.625
2533,-6.625
2534,-6.625
2535,-6.625
2536,-6.625
2537,-6.625
2538,-6.625
2539,-6.625
2540,-6.625
2541,-6.625
2542,-6.625
2543,-6.625
2544,-6.625
2545,-6.625
2546,-6.625
2547,-6.625
2548,-6.625
2549,-6.625
2550,-6.625
2551,-6.625
2552,-6.625
2553,-6.625
2554,-6.625
2555,-6.625
2556,-6.625
2557,-6.625
2558,-6.625
2559,-6.625
2560,-6.625
2561,-6.625
2562,-6.625
2563,-6.625
2564,-6.625
2565,-6.625
2566,-6.625
2567,-6.625
2568,-6.625
2569,-6.625
2570,-6.625
2571,-6.625
2572,-6.625
2573,-6.625
2574,-6.625
2575,-6.625
2576,-6.625
2577,-6.625
2578,-6.625
2579,-6.625
2580,-6.625
2581,-6.625
2582,-6.625
2583,-6.625
2584,-6.625
2585,-6.625
2586,-6.625
2587,-6.625
2588,-6.625
2589,-6.625
2590,-6.625
2591,-6.625
2592,-6.625
2593,-6.625
2594,-6.625
2595,-6.625
2596,-6.625
2597,-6.625
2598,-6.625
2599,-6.625
2600,-6.625
2601,-6.625
2602,-6.625
2603,-6.625
2604,-6.625
2605,-6.625
2606,-6.625
2607,-6.625
2608,-6.625
2609,-6.625
2610,-6.625
2611,-6.625
2612,-6.625
2613,-6.625
2614,-6.625
2615,-6.625
2616,-6.625
2617,-6.625
2618,-6.625
2619,-6.625
2620,-6.625
2621,-6.625
2622,-6.625
2623,-6.625
2624,-6.625
2625,-6.625
2626,-6.625
2627,-6.625
2628,-6.625
2629,-6.625
2630,-6.625
2631,-6.625
2632,-6.625
2633,-6.625
2634,-6.625
2635,-6.625
2636,-6.625
2637,-6.625
2638,-6.625
2639,-6.625
2640,-6.625
2641,-6.625
2642,-6.625
2643,-6.625
2644,-6.625
2645,-6.625
2646,-6.625
2647,-6.625
2648,-6.625
2649,-6.625
2650,-6.625
2651,-6.625
2652,-6.625
2653,-6.625
2654,-6.625
2655,-6.625
2656,-6.625
2657,-6.625
2658,-6.625
2659,-6.625
2660,-6.625
2661,-6.625
2662,-6.625
2663,-6.625
2664,-6.625
2665,-6.625
2666,-6.625
2667,-6.625
2668,-6.625
2669,-6.625
2670,-6.625
2671,-6.625
2672,-6.625
2673,-6.625
2674,-6.625
2675,-6.625
2676,-6.625
2677,-6.625
2678,-6.625
2679,-6.625
2680,-6.625
2681,-6.625
2682,-6.625
2683,-6.625
2684,-6.625
2685,-6.625
2686,-6.625
2687,-6.625
2688,-6.625
2689,-6.625
2690,-6.625
2691,-6.625
2692,-6.625
2693,-6.625
2694,-6.625
2695,-6.625
2696,-6.625
2697,-6.625
2698,-6.625
2699,-6.625
2700,-6.625
2701,-6.625
2702,-6.625
2703,-6.625
2704,-6.625
2705,-6.625
2706,-6.625
2707,-6.625
2708,-6.625
2709,-6.625
2710,-6.625
2711,-6.625
2712,-6.625
2713,-6.625
2714,-6.625
2715,-6.625
2716,-6.625
2717,-6.625
2718,-6.625
2719,-6.625
2720,-6.625
2721,-6.625
2722,-6.625
2723,-6.625
2724,-6.625
2725,-6.625
2726,-6.625
2727,-6.625
2728,-6.625
2729,-6.625
2730,-6.625
2731,-6.625
2732,-6.625
2733,-6.625
2734,-6.625
2735,-6.625
2736,-6.625
2737,-6.625
2738,-6.625
2739,-6.625
2740,-6.625
2741,-6.625
2742,-6.625
2743,-6.625
2744,-6.625
2745,-6.625
2746,-6.625
2747,-6.625
2748,-6.625
2749,-6.625
2750,-6.625
2751,-6.625
2752,-6.625
2753,-6.625
2754,-6.625
2755,-6.625
2756,-6.625
2757,-6.625
2758,-6.625
2759,-6.625
2760,-6.625
2761,-6.625
2762,-6.625
2763,-6.625
2764,-6.625
2765,-6.625
2766,-6.625
2767,-6.625
2768,-6.625
2769,-6.625
2770,-6.625
2771,-6.625
2772,-6.625
2773,-6.625
2774,-6.625
2775,-6.625
2776,-6.625
2777,-6.625
2778,-6.625
2779,-6.625
2780,-6.625
2781,-6.625
2782,-6.625
2783,-6.625
2784,-6.625
2785,-6.625
2786,-6.625
2787,-6.625
2788,-6.625
2789,-6.625
2790,-6.625
2791,-6.625
2792,-6.625
2793,-6.625
2794,-6.625
2795,-6.625
2796,-6.625
2797,-6.625
2798,-6.625
2799,-6.625
2800,-6.625
2801,-6.625
2802,-6.625
2803,-6.625
2804,-6.625
2805,-6.625
2806,-6.625
2807,-6.625
2808,-6.625
2809,-6.625
2810,-6.625
2811,-6.625
2812,-6.625
2813,-6.625
2814,-6.625
2815,-6.625
2816,-6.625
2817,-6.625
2818,-6.625
2819,-6.625
2820,-6.625
2821,-6.625
2822,-6.625
2823,-6.625
2824,-6.625
2825,-6.625
2826,-6.625
2827,-6.625
2828,-6.625
2829,-6.625
2830,-6.625
2831,-6.625
2832,-6.625
2833,-6.625
2834,-6.625
2835,-6.625
2836,-6.625
2837,-6.625
2838,-6.625
2839,-6.625
2840,-6.625
2841,-6.625
2842,-6.625
2843,-6.625
2844,-6.625
2845,-6.625
2846,-6.625
2847,-6.625
2848,-6.625
2849,-6.625
2850,-6.625
2851,-6.625
2852,-6.625
2853,-6.625
2854,-6.625
2855,-6.625
2856,-6.625
2857,-6.625
2858,-6.625
2859,-6.625
2860,-6.625
2861,-6.625
2862,-6.625
2863,-6.625
2864,-6.625
2865,-6.625
2866,-6.625
2867,-6.625
2868,-6.625
2869,-6.625
2870,-6.625
2871,-6.625
2872,-6.625
2873,-6.625
2874,-6.625
2875,-6.625
2876,-6.625
2877,-6.625
2878,-6.625
2879,-6.625
2880,-6.625
2881,-6.625
2882,-6.625
2883,-6.625
2884,-6.625
2885,-6.625
2886,-6.625
2887,-6.625
2888,-6.625
2889,-6.625
2890,-6.625
2891,-6.625
2892,-6.625
2893,-6.625
2894,-6.625
2895,-6.625
2896,-6.625
2897,-6.625
2898,-6.625
2899,-6.625
2900,-6.625
2901,-6.625
2902,-6.625
2903,-6.625
2904,-6.625
2905,-6.625
2906,-6.625
2907,-6.625
2908,-6.625
2909,-6.625
2910,-6.625
2911,-6.625
2912,-6.625
2913,-6.625
2914,-6.625
2915,-6.625
2916,-6.625
2917,-6.625
2918,-6.625
2919,-6.625
2920,-6.625
2921,-6.625
2922,-6.625
2923,-6.625
2924,-6.625
2925,-6.625
2926,-6.625
2927,-6.625
2928,-6.625
2929,-6.625
2930,-6.625
2931,-6.625
2932,-6.625
2933,-6.625
2934,-6.625
2935,-6.625
2936,-6.625
2937,-6.625
2938,-6.625
2939,-6.625
2940,-6.625
2941,-6.625
2942,-6.625
2943,-6.625
2944,-6.625
2945,-6.625
2946,-6.625
2947,-6.625
2948,-6.625
2949,-6.625
2950,-6.625
2951,-6.625
2952,-6.625
2953,-6.625
2954,-6.6875
2955,-6.75
2956,-6.75
2957,-6.75
2958,-6.75
2959,-6.75
2960,-6.6875
2961,-6.6875
2962,-6.6875
2963,-6.625
2964,-6.5625
2965,-6.5625
2966,-6.5
2967,-6.5
2968,-6.4375
2969,-6.4375
2970,-6.4375
2971,-6.4375
2972,-6.4375
2973,-6.4375
2974,-6.4375
2975,-6.5
2976,-6.5
2977,-6.5
2978,-6.5625
2979,-6.625
2980,-6.625
2981,-6.6875
2982,-6.6875
2983,-6.6875
2984,-6.6875
2985,-6.6875
2986,-6.75
2987,-6.75
2988,-6.75
2989,-6.75
2990,-6.75
2991,-6.75
2992,-6.75
2993,-6.75
2994,-6.75
2995,-6.75
2996,-6.75
2997,-6.75
2998,-6.75
2999,-6.75
3000,-6.75
