1,0
2,0
3,0.0625
4,0.125
5,0.125
6,0.125
7,0.125
8,0.0625
9,0.0625
10,0.0625
11,0.125
12,0.125
13,0.1875
14,0.1875
15,0.1875
16,0.125
17,0.125
18,0.125
19,0.1875
20,0.1875
21,0.1875
22,0.1875
23,0.125
24,0.125
25,0.125
26,0.125
27,0.125
28,0.125
29,0.125
30,0.125
31,0.125
32,0.125
33,0.125
34,0.0625
35,0.0625
36,0.0625
37,0.0625
38,0
39,0
40,0
41,0
42,0
43,0
44,0
45,-0.0625
46,-0.0625
47,-0.0625
48,-0.0625
49,-0.0625
50,-0.0625
51,-0.0625
52,-0.0625
53,-0.0625
54,0
55,0
56,0
57,0
58,0
59,0
60,0
61,0
62,-0.0625
63,-0.0625
64,-0.0625
65,-0.0625
66,-0.0625
67,-0.0625
68,-0.0625
69,-0.0625
70,-0.125
71,-0.125
72,-0.125
73,-0.1875
74,-0.1875
75,-0.1875
76,-0.1875
77,-0.1875
78,-0.1875
79,-0.1875
80,-0.1875
81,-0.1875
82,-0.1875
83,-0.1875
84,-0.1875
85,-0.125
86,-0.125
87,-0.125
88,-0.125
89,-0.0625
90,-0.0625
91,-0.0625
92,0
93,0.0625
94,0.0625
95,0.25
96,0.375
97,0.4375
98,0.6875
99,0.8125
100,0.6875
101,0.875
102,1.0625
103,2.0625
104,2.75
105,3
106,3.625
107,3.75
108,4
109,4.6875
110,5.125
111,5.5625
112,5.75
113,5.875
114,6.125
115,6.375
116,6.5
117,6.625
118,6.8125
119,6.875
120,7.125
121,7.375
122,7.6875
123,8
124,8.1875
125,8.5
126,8.5625
127,8.5625
128,8.3125
129,8.0625
130,7.9375
131,7.625
132,7.4375
133,7.3125
134,6.875
135,6.4375
136,5.75
137,5.3125
138,5.0625
139,4.625
140,4.125
141,3.9375
142,3.6875
143,3.8125
144,3.8125
145,3.6875
146,3.375
147,3.125
148,2.625
149,2.375
150,2.0625
151,1.75
152,1.75
153,1.9375
154,2.0625
155,2.1875
156,2.25
157,2.3125
158,2.3125
159,2.375
160,2.5
161,2.5625
162,2.625
163,2.75
164,2.875
165,2.875
166,2.9375
167,2.9375
168,2.9375
169,2.9375
170,2.875
171,2.875
172,2.875
173,2.875
174,2.875
175,2.9375
176,3
177,2.9375
178,2.875
179,2.75
180,2.625
181,2.375
182,2.25
183,2.0625
184,1.8125
185,1.6875
186,1.5
187,1.375
188,1.25
189,1.1875
190,0.9375
191,0.6875
192,0.625
193,0.8125
194,1.25
195,1.875
196,2.6875
197,3.125
198,4.625
199,5.375
200,5.625
201,6.25
202,6.5625
203,7
204,7.125
205,7
206,6.4375
207,6
208,5.8125
209,5.75
210,5.6875
211,5.625
212,5.375
213,5.125
214,5
215,4.625
216,4.5
217,4.1875
218,4
219,3.75
220,3.5625
221,3.4375
222,3.3125
223,3.0625
224,3.0625
225,3.0625
226,3
227,3
228,3
229,2.75
230,2.6875
231,2.6875
232,2.9375
233,3.1875
234,3.375
235,3.375
236,3.3125
237,2.875
238,2.8125
239,2.75
240,2.625
241,2.5625
242,2.5625
243,2.875
244,3.0625
245,3.3125
246,3.1875
247,3.125
248,2.875
249,2.8125
250,2.75
251,2.5
252,2.3125
253,2.125
254,2
255,1.875
256,1.8125
257,1.6875
258,1.625
259,1.5625
260,1.5
261,1.5
262,1.4375
263,1.5625
264,1.6875
265,2
266,2.0625
267,2.3125
268,2.4375
269,2.5
270,2.5
271,2.4375
272,2.3125
273,1.9375
274,1.75
275,1.5
276,1.375
277,1.375
278,1.4375
279,1.375
280,1.3125
281,1.125
282,0.875
283,0.75
284,0.25
285,-0.3125
286,-0.625
287,-0.75
288,-0.8125
289,-0.875
290,-0.6875
291,-0.5625
292,-0.3125
293,-0.125
294,-0.0625
295,-0.125
296,-0.1875
297,-0.25
298,-0.375
299,-0.4375
300,-0.5625
301,-0.5625
302,-0.625
303,-0.625
304,-0.625
305,-0.625
306,-0.6875
307,-0.75
308,-0.75
309,-0.8125
310,-0.8125
311,-0.8125
312,-0.875
313,-0.9375
314,-0.9375
315,-1
316,-1
317,-1.0625
318,-1.125
319,-1.1875
320,-1.3125
321,-1.3125
322,-1.4375
323,-1.4375
324,-1.5
325,-1.3125
326,-1
327,-0.8125
328,-0.375
329,1.25
330,2.25
331,4.75
332,4.875
333,5
334,5.25
335,5.25
336,5.25
337,4.9375
338,4.75
339,4.1875
340,3.6875
341,3.4375
342,3.125
343,3.0625
344,2.8125
345,2.375
346,2.1875
347,1.875
348,1.625
349,1.5
350,1.1875
351,0.8125
352,0.5625
353,0.5
354,0.625
355,0.9375
356,1.125
357,1.25
358,1.375
359,1.5
360,1.4375
361,1.4375
362,1.25
363,1.1875
364,1.25
365,1.75
366,2.0625
367,2.125
368,2
369,1.9375
370,1.5
371,1.25
372,1.1875
373,1.1875
374,1.1875
375,1.1875
376,1.375
377,1.4375
378,1.5
379,1.5
380,1.5625
381,1.6875
382,1.9375
383,1.9375
384,1.625
385,1.3125
386,1.1875
387,0.375
388,0
389,-0.8125
390,-1.8125
391,-2
392,-2.125
393,-1.875
394,-1.75
395,-1.5
396,-1.4375
397,-1.375
398,-1.1875
399,-1.125
400,-1.1875
401,-1.5
402,-1.625
403,-1.75
404,-2.125
405,-2.5
406,-2.75
407,-3.625
408,-4.3125
409,-4.9375
410,-5.5
411,-5.75
412,-6.625
413,-6.9375
414,-7
415,-6.6875
416,-6.4375
417,-6.375
418,-6.4375
419,-6.5
420,-6.5625
421,-6.6875
422,-6.8125
423,-7.125
424,-7.1875
425,-7.25
426,-6.9375
427,-6.75
428,-6.6875
429,-6.625
430,-6.6875
431,-6.75
432,-6.75
433,-6.75
434,-6.75
435,-6.75
436,-6.75
437,-6.6875
438,-6.5625
439,-6.5625
440,-6.5
441,-6.5625
442,-6.625
443,-6.6875
444,-6.6875
445,-6.6875
446,-6.6875
447,-6.6875
448,-6.5625
449,-6.5
450,-6.4375
451,-6.3125
452,-6.25
453,-6.1875
454,-6
455,-5.8125
456,-5.5
457,-4.8125
458,-4.5625
459,-3.75
460,-3.5
461,-2.9375
462,-2.3125
463,-2.125
464,-1.8125
465,-1.4375
466,-1.25
467,-1.0625
468,-0.6875
469,-0.375
470,-0.25
471,-0.1875
472,-0.1875
473,-0.0625
474,0.125
475,0.1875
476,0.3125
477,0.3125
478,0.3125
479,0.375
480,0.375
481,0.4375
482,0.25
483,0.0625
484,-0.3125
485,-0.375
486,-0.375
487,-0.375
488,-0.3125
489,-0.3125
490,-0.3125
491,-0.3125
492,-0.3125
493,-0.3125
494,-0.3125
495,-0.375
496,-0.375
497,-0.25
498,0.0625
499,0.25
500,0.6875
501,1.0625
502,1.1875
503,1.375
504,1.375
505,1.375
506,1.3125
507,1.3125
508,1.1875
509,1.125
510,1
511,0.875
512,0.625
513,0.5
514,0.1875
515,0.1875
516,0.25
517,0.4375
518,0.5625
519,0.625
520,0.6875
521,0.6875
522,0.625
523,0.5
524,0.4375
525,0.375
526,0.375
527,0.375
528,0.375
529,0.375
530,0.375
531,0.25
532,0.0625
533,-0.0625
534,-0.5625
535,-0.8125
536,-1.125
537,-1.25
538,-1.25
539,-1.3125
540,-1.4375
541,-1.5
542,-1.4375
543,-1.375
544,-1.375
545,-1.5
546,-1.5625
547,-1.625
548,-1.625
549,-1.6875
550,-1.6875
551,-1.875
552,-1.9375
553,-2
554,-2.0625
555,-2.0625
556,-2.125
557,-2.125
558,-2.125
559,-2.25
560,-2.3125
561,-2.4375
562,-2.6875
563,-2.8125
564,-3.125
565,-3.3125
566,-3.3125
567,-3.3125
568,-3.375
569,-3.375
570,-3.3125
571,-3.375
572,-3.375
573,-3.4375
574,-3.5
575,-3.5
576,-3.4375
577,-3.4375
578,-3.375
579,-3.375
580,-3.375
581,-3.375
582,-3.375
583,-3.4375
584,-3.375
585,-3.375
586,-3.4375
587,-3.4375
588,-3.5
589,-3.5
590,-3.5
591,-3.3125
592,-3.1875
593,-2.75
594,-2.25
595,-1.5625
596,-0.875
597,-0.5625
598,0.3125
599,0.5
600,0.9375
601,1.25
602,1.375
603,1.6875
604,2
605,2.1875
606,2.4375
607,2.5
608,2.5
609,2.1875
610,2.125
611,2
612,1.8125
613,1.6875
614,1.625
615,1.375
616,1.3125
617,1.125
618,1.0625
619,1.0625
620,1.125
621,1.1875
622,1.25
623,1.1875
624,1.125
625,1
626,0.3125
627,0.125
628,-0.0625
629,-0.3125
630,-0.375
631,-0.6875
632,-0.875
633,-1
634,-1.5
635,-1.625
636,-1.875
637,-2
638,-2
639,-2.0625
640,-2.125
641,-2.0625
642,-2
643,-2.1875
644,-2.25
645,-2.25
646,-2.125
647,-2.0625
648,-1.875
649,-1.8125
650,-1.8125
651,-1.8125
652,-1.8125
653,-1.875
654,-1.8125
655,-1.8125
656,-1.75
657,-1.6875
658,-1.6875
659,-1.625
660,-1.5
661,-1.0625
662,-0.8125
663,-0.8125
664,-0.8125
665,-0.75
666,-0.75
667,-0.625
668,-0.625
669,-0.5625
670,-0.5
671,-0.375
672,-0.3125
673,0
674,0.125
675,0.375
676,0.875
677,1.0625
678,1.5625
679,2
680,2.1875
681,2.5625
682,2.6875
683,2.625
684,2.1875
685,2.0625
686,1.8125
687,1.5625
688,1.4375
689,1.25
690,1
691,0.875
692,0.5
693,0
694,-0.3125
695,-1
696,-1.3125
697,-1.875
698,-2.4375
699,-2.6875
700,-2.9375
701,-2.9375
702,-2.875
703,-2.75
704,-2.75
705,-2.75
706,-3
707,-3.3125
708,-3.375
709,-3.6875
710,-3.75
711,-3.875
712,-3.875
713,-3.875
714,-3.8125
715,-3.6875
716,-3.6875
717,-3.625
718,-3.5625
719,-3.5625
720,-3.5
721,-3.4375
722,-3.375
723,-3.3125
724,-3.3125
725,-3.3125
726,-3.4375
727,-3.4375
728,-3.4375
729,-3.5
730,-3.5
731,-3.5625
732,-3.5625
733,-3.5625
734,-3.625
735,-3.6875
736,-3.6875
737,-3.6875
738,-3.6875
739,-3.6875
740,-3.6875
741,-3.5625
742,-3.5
743,-3.1875
744,-2.875
745,-2.3125
746,-1.875
747,-1.625
748,-1.125
749,-1
750,-0.8125
751,-0.25
752,-0.0625
753,0.125
754,0.25
755,0.25
756,0.1875
757,0.125
758,0.1875
759,0.4375
760,0.5625
761,0.625
762,0.5625
763,0.5
764,0.5625
765,0.8125
766,0.875
767,1
768,1.0625
769,1.0625
770,1.125
771,1.25
772,1.25
773,0.875
774,0.625
775,0.4375
776,0.0625
777,0.0625
778,0.0625
779,0
780,0.0625
781,0.125
782,0.4375
783,0.5
784,0.5625
785,0.5625
786,0.6875
787,0.75
788,0.8125
789,0.9375
790,1.125
791,1.125
792,1.125
793,1.1875
794,1.25
795,1.3125
796,1.4375
797,1.5
798,1.5625
799,1.5625
800,1.4375
801,1.125
802,0.9375
803,0.75
804,1.125
805,1.3125
806,1.6875
807,1.875
808,1.875
809,1.9375
810,2
811,2
812,2
813,2
814,2
815,2.0625
816,2.125
817,2.0625
818,1.875
819,1.75
820,1.4375
821,1.0625
822,0.875
823,0.5625
824,0.5
825,0.375
826,0
827,-0.125
828,-0.3125
829,-0.8125
830,-0.9375
831,-1
832,-1.5
833,-1.6875
834,-2.1875
835,-2.3125
836,-2.4375
837,-2.9375
838,-3.0625
839,-3.25
840,-3.5625
841,-3.6875
842,-3.75
843,-3.8125
844,-3.8125
845,-4.4375
846,-4.5625
847,-4.6875
848,-4.5
849,-4.4375
850,-4.3125
851,-4.25
852,-4.3125
853,-4.3125
854,-4.25
855,-4.25
856,-4.25
857,-4.3125
858,-4.3125
859,-4.375
860,-4.375
861,-4.375
862,-4.375
863,-4.375
864,-4.375
865,-4.375
866,-4.3125
867,-4.3125
868,-4.25
869,-4.25
870,-4.25
871,-4.25
872,-4.25
873,-4.25
874,-4.25
875,-4.3125
876,-4.25
877,-4.25
878,-4.25
879,-4.3125
880,-4.3125
881,-4.375
882,-4.4375
883,-4.5625
884,-4.625
885,-4.625
886,-4.625
887,-4.6875
888,-4.6875
889,-4.6875
890,-4.5
891,-4.4375
892,-4.3125
893,-3.9375
894,-3.4375
895,-2.9375
896,-2.5
897,-2.0625
898,-1.4375
899,-1.1875
900,-0.8125
901,-0.625
902,-0.5625
903,-0.625
904,-0.625
905,-0.625
906,-0.625
907,-0.75
908,-0.875
909,-1
910,-1.0625
911,-1.0625
912,-1
913,-1.0625
914,-1.1875
915,-1.375
916,-1.5
917,-1.5
918,-1.4375
919,-1.4375
920,-1.625
921,-1.8125
922,-1.9375
923,-2
924,-2
925,-2.0625
926,-2.25
927,-2.625
928,-2.75
929,-3.0625
930,-3.3125
931,-3.375
932,-3.375
933,-3.3125
934,-3.375
935,-3.375
936,-3.3125
937,-3.3125
938,-3.1875
939,-3.125
940,-2.9375
941,-2.75
942,-2.625
943,-2.4375
944,-2.375
945,-2.3125
946,-2.3125
947,-2.3125
948,-2.4375
949,-2.375
950,-2
951,-1.5625
952,-1.25
953,-1.1875
954,-1.125
955,-1.125
956,-1.125
957,-1.125
958,-1.125
959,-1.5
960,-1.625
961,-1.875
962,-2.25
963,-2.375
964,-2.4375
965,-2.8125
966,-3
967,-3.1875
968,-3.5
969,-3.625
970,-3.75
971,-4.0625
972,-4.125
973,-4.125
974,-4.1875
975,-4.5
976,-4.9375
977,-5
978,-5.0625
979,-5
980,-4.9375
981,-5
982,-5.3125
983,-5.375
984,-5.625
985,-5.6875
986,-5.8125
987,-6.0625
988,-6.1875
989,-6.25
990,-6.5
991,-6.5625
992,-6.6875
993,-7
994,-7.0625
995,-7.125
996,-7.125
997,-7.125
998,-7.1875
999,-7.25
1000,-7.25
1001,-7.25
1002,-7.1875
1003,-7.1875
1004,-7.0625
1005,-7
1006,-6.9375
1007,-6.875
1008,-6.8125
1009,-6.875
1010,-6.875
1011,-6.875
1012,-6.9375
1013,-6.9375
1014,-6.9375
1015,-6.9375
1016,-6.875
1017,-6.875
1018,-6.8125
1019,-6.75
1020,-6.625
1021,-6.5
1022,-6.4375
1023,-6.4375
1024,-6.375
1025,-6.375
1026,-6.375
1027,-6.3125
1028,-6.25
1029,-6.1875
1030,-6.125
1031,-6.0625
1032,-6.0625
1033,-6.125
1034,-6.125
1035,-6.1875
1036,-6.1875
1037,-6.25
1038,-6.1875
1039,-6.1875
1040,-6.0625
1041,-5.9375
1042,-5.75
1043,-5.625
1044,-5.5625
1045,-5.3125
1046,-4.9375
1047,-4.75
1048,-4.375
1049,-4.0625
1050,-3.875
1051,-3.375
1052,-2.75
1053,-2.375
1054,-1.6875
1055,-1.125
1056,-0.875
1057,-0.875
1058,-1
1059,-1.125
1060,-1.1875
1061,-1.1875
1062,-1.0625
1063,-1
1064,-1
1065,-0.9375
1066,-0.875
1067,-0.875
1068,-0.875
1069,-0.9375
1070,-1.125
1071,-1.375
1072,-1.5625
1073,-1.75
1074,-1.8125
1075,-1.8125
1076,-1.6875
1077,-1.625
1078,-1.6875
1079,-1.8125
1080,-2
1081,-2.125
1082,-2.1875
1083,-2.1875
1084,-2.0625
1085,-2.0625
1086,-2
1087,-1.8125
1088,-1.625
1089,-1.5625
1090,-1.5
1091,-1.5
1092,-1.5
1093,-1.4375
1094,-1.375
1095,-1.375
1096,-1.4375
1097,-1.4375
1098,-1.375
1099,-1.3125
1100,-1.25
1101,-1.0625
1102,-0.9375
1103,-0.9375
1104,-1.0625
1105,-1.125
1106,-0.8125
1107,-0.5625
1108,-0.4375
1109,-0.375
1110,-0.375
1111,-0.375
1112,-0.4375
1113,-0.375
1114,-0.375
1115,-0.375
1116,-0.375
1117,-0.4375
1118,-0.5
1119,-0.625
1120,-0.75
1121,-0.9375
1122,-1.1875
1123,-1.4375
1124,-1.625
1125,-1.6875
1126,-1.875
1127,-2
1128,-2.0625
1129,-2.25
1130,-2.5
1131,-2.6875
1132,-2.75
1133,-2.75
1134,-2.875
1135,-3.1875
1136,-3.375
1137,-3.75
1138,-3.9375
1139,-4
1140,-4.125
1141,-4.375
1142,-4.625
1143,-4.875
1144,-4.9375
1145,-5.125
1146,-5.1875
1147,-5.3125
1148,-5.5625
1149,-5.6875
1150,-5.6875
1151,-5.5
1152,-5.3125
1153,-5.125
1154,-5.25
1155,-5.375
1156,-5.625
1157,-5.6875
1158,-5.6875
1159,-5.6875
1160,-5.6875
1161,-5.6875
1162,-5.5625
1163,-5.5625
1164,-5.4375
1165,-5.3125
1166,-5.3125
1167,-5.25
1168,-5.25
1169,-5.3125
1170,-5.375
1171,-5.375
1172,-5.375
1173,-5.3125
1174,-5.3125
1175,-5.3125
1176,-5.3125
1177,-5.3125
1178,-5.375
1179,-5.4375
1180,-5.4375
1181,-5.5
1182,-5.5625
1183,-5.5
1184,-5.5
1185,-5.5625
1186,-5.625
1187,-5.8125
1188,-5.9375
1189,-5.875
1190,-5.6875
1191,-5.375
1192,-5
1193,-4.75
1194,-4.6875
1195,-4.5625
1196,-4.3125
1197,-4.125
1198,-3.8125
1199,-3.5625
1200,-3.4375
1201,-3.3125
1202,-3.3125
1203,-3.1875
1204,-2.9375
1205,-2.75
1206,-2.625
1207,-2.5625
1208,-2.375
1209,-2.0625
1210,-1.75
1211,-1.8125
1212,-2.125
1213,-2.375
1214,-2.5
1215,-2.4375
1216,-2.375
1217,-2.375
1218,-2.25
1219,-2.1875
1220,-2.1875
1221,-2.25
1222,-2.25
1223,-2.25
1224,-2.1875
1225,-2.25
1226,-2.375
1227,-2.5625
1228,-2.6875
1229,-2.875
1230,-3
1231,-2.875
1232,-2.6875
1233,-2.5625
1234,-2.1875
1235,-1.9375
1236,-1.8125
1237,-1.75
1238,-1.875
1239,-2.0625
1240,-2.5
1241,-2.4375
1242,-1.625
1243,-1.4375
1244,-1.1875
1245,-0.9375
1246,-0.8125
1247,-0.75
1248,-0.625
1249,-0.5625
1250,-0.5625
1251,-0.5625
1252,-0.5625
1253,-0.5625
1254,-0.5625
1255,-0.5625
1256,-0.5625
1257,-0.625
1258,-0.6875
1259,-0.875
1260,-1
1261,-1.125
1262,-1.3125
1263,-1.5
1264,-1.75
1265,-1.75
1266,-1.875
1267,-2.0625
1268,-2.5
1269,-2.75
1270,-3.75
1271,-4
1272,-4.125
1273,-5.75
1274,-5.9375
1275,-6.0625
1276,-6.625
1277,-7
1278,-7.4375
1279,-8.0625
1280,-8.375
1281,-9.125
1282,-9.1875
1283,-9.1875
1284,-9.0625
1285,-9.0625
1286,-9.3125
1287,-9.5625
1288,-9.625
1289,-9.8125
1290,-9.8125
1291,-9.8125
1292,-9.8125
1293,-9.8125
1294,-9.875
1295,-9.9375
1296,-10
1297,-10
1298,-10
1299,-9.875
1300,-9.8125
1301,-9.75
1302,-9.6875
1303,-9.5625
1304,-9.5
1305,-9.4375
1306,-9.375
1307,-9.4375
1308,-9.4375
1309,-9.5625
1310,-9.6875
1311,-9.8125
1312,-9.9375
1313,-9.9375
1314,-9.875
1315,-9.8125
1316,-9.75
1317,-9.25
1318,-9.0625
1319,-8.8125
1320,-8.0625
1321,-7.75
1322,-7.4375
1323,-6.5625
1324,-6.25
1325,-5.5625
1326,-5.375
1327,-5.125
1328,-4.375
1329,-4.3125
1330,-4.3125
1331,-4.5
1332,-4.5625
1333,-4.625
1334,-4.5625
1335,-4.5625
1336,-4.3125
1337,-4.25
1338,-4.125
1339,-3.75
1340,-3.625
1341,-3.25
1342,-2.75
1343,-2.625
1344,-2.375
1345,-2.125
1346,-2.125
1347,-2.1875
1348,-2.125
1349,-1.9375
1350,-1.8125
1351,-1.6875
1352,-1.5
1353,-1.1875
1354,-0.625
1355,-0.5
1356,-0.375
1357,-0.5
1358,-0.5625
1359,-0.4375
1360,-0.375
1361,-0.1875
1362,0
1363,0.0625
1364,0.1875
1365,0.25
1366,0.375
1367,0.5
1368,0.625
1369,0.625
1370,0.6875
1371,0.6875
1372,0.6875
1373,0.5625
1374,0.375
1375,0.25
1376,-0.125
1377,-0.1875
1378,0.4375
1379,1.0625
1380,1.4375
1381,1.625
1382,1.6875
1383,1.625
1384,1.5625
1385,1.4375
1386,1.3125
1387,1.1875
1388,1.0625
1389,0.9375
1390,0.75
1391,0.5625
1392,0.375
1393,0.0625
1394,-0.125
1395,-0.5
1396,-0.875
1397,-1
1398,-1.25
1399,-1.375
1400,-1.5
1401,-1.625
1402,-1.875
1403,-2.0625
1404,-2.25
1405,-2.25
1406,-2.3125
1407,-2.4375
1408,-2.5
1409,-2.75
1410,-3.0625
1411,-3.25
1412,-3.25
1413,-3.3125
1414,-3.4375
1415,-3.6875
1416,-3.75
1417,-4
1418,-4.125
1419,-4.0625
1420,-4
1421,-4.0625
1422,-4.1875
1423,-4.875
1424,-5.0625
1425,-5.25
1426,-5.1875
1427,-5.125
1428,-5
1429,-5
1430,-4.9375
1431,-4.75
1432,-4.5625
1433,-4.5
1434,-4.375
1435,-4.375
1436,-4.3125
1437,-4.25
1438,-4.25
1439,-4.25
1440,-4.3125
1441,-4.375
1442,-4.4375
1443,-4.4375
1444,-4.4375
1445,-4.5
1446,-4.5
1447,-4.5625
1448,-4.625
1449,-4.625
1450,-4.6875
1451,-4.6875
1452,-4.625
1453,-4.625
1454,-4.625
1455,-4.625
1456,-4.4375
1457,-4.25
1458,-3.8125
1459,-3.1875
1460,-2.9375
1461,-2.9375
1462,-2.9375
1463,-2.875
1464,-2.75
1465,-2.625
1466,-2.625
1467,-2.6875
1468,-2.6875
1469,-2.6875
1470,-2.75
1471,-2.75
1472,-2.625
1473,-2.5
1474,-2.5
1475,-2.75
1476,-2.875
1477,-2.875
1478,-2.6875
1479,-2.5625
1480,-2.5
1481,-2.3125
1482,-1.875
1483,-1.3125
1484,-1
1485,-0.5625
1486,-0.3125
1487,-0.5
1488,-0.6875
1489,-1.125
1490,-1.3125
1491,-1.375
1492,-1.25
1493,-1.25
1494,-1.25
1495,-1.1875
1496,-1.125
1497,-1.125
1498,-1.125
1499,-1.0625
1500,-1
1501,-1
1502,-0.875
1503,-0.75
1504,-0.6875
1505,-0.625
1506,-0.5625
1507,-0.5
1508,-0.375
1509,-0.1875
1510,-0.1875
1511,-0.0625
1512,0
1513,0.125
1514,0.1875
1515,0.1875
1516,0.3125
1517,0.3125
1518,0.3125
1519,0.375
1520,0.5625
1521,0.6875
1522,1
1523,1.0625
1524,1.0625
1525,0.875
1526,0.75
1527,0.5625
1528,0.4375
1529,0.375
1530,0.375
1531,0.3125
1532,0.25
1533,0
1534,-0.125
1535,-0.25
1536,-0.25
1537,-0.25
1538,-0.25
1539,-0.4375
1540,-0.5625
1541,-0.875
1542,-1.0625
1543,-1.125
1544,-1.375
1545,-1.8125
1546,-2
1547,-2.125
1548,-2.0625
1549,-2
1550,-2.0625
1551,-2.25
1552,-2.5625
1553,-2.9375
1554,-3.0625
1555,-3.1875
1556,-3.4375
1557,-3.5625
1558,-3.8125
1559,-3.75
1560,-3.6875
1561,-3.5625
1562,-3.5625
1563,-3.5
1564,-3.4375
1565,-3.4375
1566,-3.375
1567,-3.375
1568,-3.375
1569,-3.25
1570,-3.1875
1571,-3.1875
1572,-3.1875
1573,-3.1875
1574,-3.25
1575,-3.3125
1576,-3.25
1577,-3.25
1578,-3.125
1579,-3
1580,-2.9375
1581,-2.875
1582,-2.8125
1583,-2.8125
1584,-2.875
1585,-2.875
1586,-2.9375
1587,-3
1588,-3
1589,-3
1590,-3
1591,-3
1592,-3.125
1593,-3.1875
1594,-3.3125
1595,-3.4375
1596,-3.4375
1597,-3.5
1598,-3.625
1599,-3.9375
1600,-4.375
1601,-4.875
1602,-5.375
1603,-5.875
1604,-5.875
1605,-5.25
1606,-4.125
1607,-2.9375
1608,-1.8125
1609,-1
1610,-0.75
1611,-0.125
1612,0.125
1613,0.3125
1614,0.8125
1615,1
1616,1.125
1617,1
1618,0.875
1619,0.625
1620,0.5625
1621,0.5625
1622,0.625
1623,0.75
1624,0.75
1625,0.75
1626,0.6875
1627,0.625
1628,0.5625
1629,0.6875
1630,0.75
1631,0.625
1632,0.5
1633,0.375
1634,0.1875
1635,0.125
1636,0.0625
1637,0.25
1638,0.375
1639,0.6875
1640,0.75
1641,0.5625
1642,0.1875
1643,0
1644,-0.0625
1645,0.125
1646,0.75
1647,1.3125
1648,1.375
1649,1.375
1650,1.125
1651,0.9375
1652,0.4375
1653,-0.125
1654,-0.5
1655,-0.8125
1656,-1
1657,-0.9375
1658,-0.8125
1659,-0.625
1660,-0.625
1661,-0.5625
1662,-0.625
1663,-0.6875
1664,-0.8125
1665,-1.0625
1666,-1.1875
1667,-1.25
1668,-1.3125
1669,-1.375
1670,-1.375
1671,-1.375
1672,-1.1875
1673,-1.0625
1674,-1
1675,-1.125
1676,-1.375
1677,-1.625
1678,-1.8125
1679,-1.9375
1680,-1.9375
1681,-1.75
1682,-1.4375
1683,-1.25
1684,-1.1875
1685,-1.125
1686,-1.125
1687,-1.125
1688,-1.125
1689,-0.875
1690,-0.8125
1691,-0.8125
1692,-0.9375
1693,-1
1694,-1.0625
1695,-1
1696,-1
1697,-1.375
1698,-1.5625
1699,-1.6875
1700,-2.0625
1701,-2.3125
1702,-2.625
1703,-2.9375
1704,-3.0625
1705,-3.3125
1706,-3.25
1707,-3.1875
1708,-3.375
1709,-3.5
1710,-3.875
1711,-4.4375
1712,-4.75
1713,-5.0625
1714,-4.9375
1715,-4.875
1716,-4.875
1717,-4.875
1718,-4.875
1719,-4.8125
1720,-4.8125
1721,-4.75
1722,-4.75
1723,-4.75
1724,-4.75
1725,-4.8125
1726,-4.8125
1727,-4.8125
1728,-4.75
1729,-4.75
1730,-4.8125
1731,-4.8125
1732,-4.875
1733,-4.9375
1734,-5
1735,-5
1736,-4.9375
1737,-5
1738,-5.0625
1739,-5.0625
1740,-5.125
1741,-5.1875
1742,-5.25
1743,-5.3125
1744,-5.375
1745,-5.375
1746,-5.4375
1747,-5.4375
1748,-5.375
1749,-5.4375
1750,-5.4375
1751,-5.5
1752,-5.5625
1753,-5.625
1754,-5.625
1755,-5.625
1756,-5.625
1757,-5.5
1758,-5.25
1759,-5
1760,-4
1761,-3.5625
1762,-2.75
1763,-2.0625
1764,-1.8125
1765,-1.3125
1766,-0.9375
1767,-0.8125
1768,-0.625
1769,-0.5
1770,-0.4375
1771,-0.375
1772,-0.4375
1773,-0.5
1774,-0.6875
1775,-0.6875
1776,-0.6875
1777,-0.6875
1778,-0.75
1779,-1
1780,-1.3125
1781,-1.4375
1782,-1.4375
1783,-1.3125
1784,-1.25
1785,-1.125
1786,-1.1875
1787,-1.25
1788,-1.3125
1789,-1.25
1790,-1.3125
1791,-1.4375
1792,-1.5
1793,-1.5625
1794,-1.4375
1795,-1.375
1796,-1
1797,-0.875
1798,-0.875
1799,-1
1800,-1
1801,-0.9375
1802,-1
1803,-0.9375
1804,-0.9375
1805,-1
1806,-1
1807,-1.0625
1808,-1.0625
1809,-1.1875
1810,-1.5625
1811,-1.625
1812,-1.5625
1813,-1.25
1814,-0.9375
1815,-0.8125
1816,-0.5
1817,-0.4375
1818,-0.375
1819,-0.3125
1820,-0.3125
1821,-0.1875
1822,-0.0625
1823,0
1824,0.25
1825,0.3125
1826,0.25
1827,0.0625
1828,-0.0625
1829,-0.3125
1830,-0.625
1831,-0.6875
1832,-0.3125
1833,0.4375
1834,0.6875
1835,0.6875
1836,0.5
1837,0.375
1838,0.375
1839,0.375
1840,0.4375
1841,0.4375
1842,0.375
1843,0.3125
1844,0.25
1845,0.25
1846,0.25
1847,0.1875
1848,0.125
1849,0.0625
1850,0.1875
1851,0.3125
1852,0.6875
1853,0.6875
1854,0.625
1855,0.375
1856,0.1875
1857,0
1858,-0.0625
1859,-0.0625
1860,-0.125
1861,-0.25
1862,-0.375
1863,-1
1864,-1.25
1865,-1.625
1866,-1.875
1867,-2
1868,-2.25
1869,-2.625
1870,-2.8125
1871,-3.375
1872,-3.5
1873,-3.6875
1874,-3.75
1875,-3.75
1876,-3.8125
1877,-4.0625
1878,-4.1875
1879,-4.4375
1880,-4.625
1881,-4.625
1882,-4.625
1883,-4.5625
1884,-4.5
1885,-4.375
1886,-4.3125
1887,-4.25
1888,-4.25
1889,-4.1875
1890,-4.1875
1891,-4.0625
1892,-4
1893,-3.9375
1894,-3.8125
1895,-3.8125
1896,-3.8125
1897,-3.8125
1898,-3.875
1899,-3.9375
1900,-4
1901,-4
1902,-4
1903,-4
1904,-4
1905,-4
1906,-4.0625
1907,-4.125
1908,-4.1875
1909,-4.1875
1910,-4.1875
1911,-4.0625
1912,-4
1913,-3.875
1914,-3.8125
1915,-3.8125
1916,-3.75
1917,-3.8125
1918,-3.8125
1919,-3.875
1920,-3.875
1921,-3.9375
1922,-4
1923,-4.0625
1924,-4.25
1925,-4.375
1926,-4.375
1927,-4.5
1928,-4.5
1929,-4.5
1930,-4.4375
1931,-4.375
1932,-4.25
1933,-4.1875
1934,-4.0625
1935,-3.875
1936,-3.8125
1937,-3.75
1938,-3.625
1939,-3.625
1940,-3.5625
1941,-3.9375
1942,-4.1875
1943,-4.3125
1944,-4.25
1945,-4
1946,-3.625
1947,-3.5
1948,-3.4375
1949,-3.375
1950,-3.25
1951,-3.0625
1952,-2.875
1953,-2.875
1954,-2.8125
1955,-2.6875
1956,-2.5625
1957,-2.0625
1958,-1.875
1959,-1.5625
1960,-1.125
1961,-1
1962,-0.75
1963,-0.875
1964,-0.9375
1965,-1.1875
1966,-1.3125
1967,-1.3125
1968,-1.25
1969,-1.25
1970,-1.125
1971,-1.0625
1972,-1.0625
1973,-1.1875
1974,-1.375
1975,-1.5
1976,-1.9375
1977,-2.375
1978,-2.5625
1979,-2.9375
1980,-3
1981,-3.0625
1982,-3
1983,-2.9375
1984,-2.8125
1985,-2.8125
1986,-2.8125
1987,-2.875
1988,-2.875
1989,-2.8125
1990,-2.75
1991,-2.625
1992,-2.5625
1993,-2.3125
1994,-2.25
1995,-2.1875
1996,-2.125
1997,-2.1875
1998,-2.1875
1999,-2.125
2000,-2.0625
2001,-2.0625
2002,-1.9375
2003,-1.9375
2004,-1.9375
2005,-1.9375
2006,-1.9375
2007,-1.9375
2008,-1.9375
2009,-1.9375
2010,-1.9375
2011,-1.9375
2012,-1.875
2013,-1.875
2014,-1.8125
2015,-1.8125
2016,-1.75
2017,-1.75
2018,-1.75
2019,-1.75
2020,-1.8125
2021,-1.8125
2022,-1.8125
2023,-1.8125
2024,-1.875
2025,-1.875
2026,-1.875
2027,-1.875
2028,-1.8125
2029,-1.8125
2030,-1.8125
2031,-1.8125
2032,-1.8125
2033,-1.8125
2034,-1.8125
2035,-1.75
2036,-1.75
2037,-1.75
2038,-1.75
2039,-1.75
2040,-1.75
2041,-1.75
2042,-1.75
2043,-1.75
2044,-1.8125
2045,-1.8125
2046,-1.8125
2047,-1.8125
2048,-1.8125
2049,-1.8125
2050,-1.8125
2051,-1.8125
2052,-1.8125
2053,-1.8125
2054,-1.8125
2055,-1.8125
2056,-1.8125
2057,-1.8125
2058,-1.875
2059,-1.875
2060,-1.875
2061,-1.875
2062,-1.875
2063,-1.875
2064,-1.8125
2065,-1.8125
2066,-1.8125
2067,-1.8125
2068,-1.8125
2069,-1.8125
2070,-1.8125
2071,-1.8125
2072,-1.8125
2073,-1.8125
2074,-1.8125
2075,-1.8125
2076,-1.8125
2077,-1.8125
2078,-1.8125
2079,-1.875
2080,-1.875
2081,-1.875
2082,-1.875
2083,-1.875
2084,-1.875
2085,-1.875
2086,-1.875
2087,-1.875
2088,-1.875
2089,-1.875
2090,-1.875
2091,-1.875
2092,-1.875
2093,-1.875
2094,-1.875
2095,-1.875
2096,-1.875
2097,-1.875
2098,-1.875
2099,-1.875
2100,-1.875
2101,-1.875
2102,-1.875
2103,-1.875
2104,-1.875
2105,-1.875
2106,-1.875
2107,-1.875
2108,-1.875
2109,-1.875
2110,-1.875
2111,-1.875
2112,-1.875
2113,-1.875
2114,-1.875
2115,-1.875
2116,-1.875
2117,-1.875
2118,-1.875
2119,-1.875
2120,-1.875
2121,-1.875
2122,-1.875
2123,-1.875
2124,-1.875
2125,-1.875
2126,-1.875
2127,-1.875
2128,-1.875
2129,-1.875
2130,-1.875
2131,-1.875
2132,-1.875
2133,-1.875
2134,-1.875
2135,-1.875
2136,-1.875
2137,-1.875
2138,-1.875
2139,-1.875
2140,-1.875
2141,-1.875
2142,-1.875
2143,-1.875
2144,-1.875
2145,-1.875
2146,-1.875
2147,-1.875
2148,-1.875
2149,-1.875
2150,-1.875
2151,-1.875
2152,-1.875
2153,-1.875
2154,-1.875
2155,-1.875
2156,-1.875
2157,-1.875
2158,-1.875
2159,-1.875
2160,-1.875
2161,-1.875
2162,-1.875
2163,-1.875
2164,-1.875
2165,-1.875
2166,-1.875
2167,-1.875
2168,-1.875
2169,-1.875
2170,-1.875
2171,-1.875
2172,-1.875
2173,-1.875
2174,-1.875
2175,-1.875
2176,-1.875
2177,-1.875
2178,-1.875
2179,-1.875
2180,-1.875
2181,-1.875
2182,-1.875
2183,-1.875
2184,-1.875
2185,-1.9375
2186,-1.9375
2187,-1.9375
2188,-1.9375
2189,-1.9375
2190,-1.9375
2191,-1.9375
2192,-1.9375
2193,-1.9375
2194,-1.9375
2195,-1.9375
2196,-1.9375
2197,-1.9375
2198,-1.9375
2199,-1.9375
2200,-1.9375
2201,-1.9375
2202,-1.9375
2203,-1.9375
2204,-1.9375
2205,-1.9375
2206,-1.9375
2207,-1.9375
2208,-1.9375
2209,-1.9375
2210,-1.9375
2211,-1.9375
2212,-1.9375
2213,-1.9375
2214,-1.9375
2215,-1.9375
2216,-1.9375
2217,-1.9375
2218,-1.9375
2219,-1.9375
2220,-1.9375
2221,-1.9375
2222,-1.9375
2223,-1.9375
2224,-1.9375
2225,-1.9375
2226,-1.9375
2227,-1.9375
2228,-1.9375
2229,-1.9375
2230,-1.9375
2231,-1.9375
2232,-1.9375
2233,-1.9375
2234,-1.9375
2235,-1.9375
2236,-1.9375
2237,-1.9375
2238,-1.9375
2239,-1.9375
2240,-1.9375
2241,-1.9375
2242,-1.9375
2243,-1.9375
2244,-1.9375
2245,-1.9375
2246,-1.9375
2247,-1.9375
2248,-1.9375
2249,-1.9375
2250,-1.9375
2251,-1.9375
2252,-1.9375
2253,-1.9375
2254,-1.9375
2255,-1.9375
2256,-1.9375
2257,-1.9375
2258,-1.9375
2259,-1.9375
2260,-1.9375
2261,-1.9375
2262,-1.9375
2263,-1.9375
2264,-1.9375
2265,-1.9375
2266,-1.9375
2267,-1.9375
2268,-1.9375
2269,-1.9375
2270,-1.9375
2271,-1.9375
2272,-1.9375
2273,-1.9375
2274,-1.9375
2275,-1.9375
2276,-1.9375
2277,-1.9375
2278,-1.9375
2279,-1.9375
2280,-1.9375
2281,-1.9375
2282,-1.9375
2283,-1.9375
2284,-1.9375
2285,-1.9375
2286,-1.9375
2287,-1.9375
2288,-1.9375
2289,-1.9375
2290,-1.9375
2291,-1.9375
2292,-1.9375
2293,-1.9375
2294,-1.9375
2295,-1.9375
2296,-1.9375
2297,-1.9375
2298,-1.9375
2299,-1.9375
2300,-1.9375
2301,-1.9375
2302,-1.9375
2303,-1.9375
2304,-1.9375
2305,-1.9375
2306,-1.9375
2307,-1.9375
2308,-1.9375
2309,-1.9375
2310,-1.9375
2311,-1.9375
2312,-1.9375
2313,-1.9375
2314,-1.9375
2315,-1.9375
2316,-1.9375
2317,-1.9375
2318,-1.9375
2319,-1.9375
2320,-1.9375
2321,-1.9375
2322,-1.9375
2323,-1.9375
2324,-1.9375
2325,-1.9375
2326,-1.9375
2327,-1.9375
2328,-1.9375
2329,-1.9375
2330,-1.9375
2331,-1.9375
2332,-1.9375
2333,-1.9375
2334,-1.9375
2335,-1.9375
2336,-1.9375
2337,-1.9375
2338,-1.9375
2339,-1.9375
2340,-1.9375
2341,-1.9375
2342,-1.9375
2343,-1.9375
2344,-1.9375
2345,-1.9375
2346,-1.9375
2347,-1.9375
2348,-1.9375
2349,-1.9375
2350,-1.9375
2351,-1.9375
2352,-1.9375
2353,-1.9375
2354,-1.9375
2355,-1.9375
2356,-1.9375
2357,-1.9375
2358,-1.9375
2359,-1.9375
2360,-1.9375
2361,-1.9375
2362,-1.9375
2363,-1.9375
2364,-1.9375
2365,-1.9375
2366,-1.9375
2367,-1.9375
2368,-1.9375
2369,-1.9375
2370,-1.9375
2371,-1.9375
2372,-1.9375
2373,-1.9375
2374,-1.9375
2375,-1.9375
2376,-1.9375
2377,-1.9375
2378,-1.9375
2379,-1.9375
2380,-1.9375
2381,-1.9375
2382,-1.9375
2383,-1.9375
2384,-1.9375
2385,-1.9375
2386,-1.9375
2387,-1.9375
2388,-1.9375
2389,-1.9375
2390,-1.9375
2391,-1.9375
2392,-1.9375
2393,-1.9375
2394,-1.9375
2395,-1.9375
2396,-1.9375
2397,-1.9375
2398,-1.9375
2399,-1.9375
2400,-2
2401,-2
2402,-2
2403,-2
2404,-2
2405,-2
2406,-2
2407,-2
2408,-2
2409,-2
2410,-2
2411,-2
2412,-2
2413,-2
2414,-2
2415,-2
2416,-2
2417,-2
2418,-2
2419,-2
2420,-2
2421,-2
2422,-2
2423,-2
2424,-2
2425,-2
2426,-2
2427,-2
2428,-2
2429,-2
2430,-2
2431,-2
2432,-2
2433,-2
2434,-2
2435,-2
2436,-2
2437,-2
2438,-2
2439,-2
2440,-2
2441,-2
2442,-2
2443,-2
2444,-2
2445,-2
2446,-2
2447,-2
2448,-2
2449,-2
2450,-2
2451,-2
2452,-2
2453,-2
2454,-2
2455,-2
2456,-2
2457,-2
2458,-2
2459,-1.9375
2460,-1.9375
2461,-1.9375
2462,-1.9375
2463,-1.9375
2464,-1.9375
2465,-1.9375
2466,-2
2467,-2
2468,-2
2469,-2
2470,-2.0625
2471,-2.0625
2472,-2.0625
2473,-2.0625
2474,-2.0625
2475,-2.0625
2476,-2.0625
2477,-2
2478,-2
2479,-2
2480,-1.9375
2481,-1.9375
2482,-1.9375
2483,-1.9375
2484,-1.9375
2485,-1.9375
2486,-1.9375
2487,-1.9375
2488,-1.9375
2489,-1.9375
2490,-1.9375
2491,-1.9375
2492,-1.9375
2493,-1.9375
2494,-1.9375
2495,-1.9375
2496,-2
2497,-2
2498,-2
2499,-2
2500,-2
2501,-2
2502,-2
2503,-2
2504,-2
2505,-2
2506,-2
2507,-2
2508,-2
2509,-2
2510,-2
2511,-2
2512,-2
2513,-2
2514,-2
2515,-2
2516,-2
2517,-2
2518,-2
2519,-2
2520,-2
2521,-2
2522,-2
2523,-2
2524,-2
2525,-2
2526,-2
2527,-2
2528,-2
2529,-2
2530,-2
2531,-2
2532,-2
2533,-2
2534,-2
2535,-2
2536,-2
2537,-2
2538,-2
2539,-2
2540,-2
2541,-2
2542,-2
2543,-2
2544,-2
2545,-2
2546,-2
2547,-2
2548,-2
2549,-2
2550,-2
2551,-2
2552,-2
2553,-2
2554,-2
2555,-2
2556,-2
2557,-2
2558,-2
2559,-2
2560,-2
2561,-2
2562,-2
2563,-2
2564,-2
2565,-2
2566,-2
2567,-2
2568,-2
2569,-2
2570,-2
2571,-2
2572,-2
2573,-2
2574,-2
2575,-2
2576,-2
2577,-2
2578,-2
2579,-2
2580,-2
2581,-2
2582,-2
2583,-2
2584,-2
2585,-2
2586,-2
2587,-2
2588,-2
2589,-2
2590,-2
2591,-2
2592,-2
2593,-2
2594,-2
2595,-2
2596,-2
2597,-2
2598,-2
2599,-2
2600,-2
2601,-2
2602,-2
2603,-2
2604,-2
2605,-2
2606,-2
2607,-2
2608,-2
2609,-2
2610,-2
2611,-2
2612,-2
2613,-2
2614,-2
2615,-2
2616,-2
2617,-2
2618,-2
2619,-2
2620,-2
2621,-2
2622,-2
2623,-2
2624,-2
2625,-2
2626,-2
2627,-2
2628,-2
2629,-2
2630,-2
2631,-2
2632,-2
2633,-2
2634,-2
2635,-2
2636,-2
2637,-2
2638,-2
2639,-2
2640,-2
2641,-2
2642,-2
2643,-2
2644,-2
2645,-2
2646,-2
2647,-2
2648,-2
2649,-2
2650,-2
2651,-2
2652,-2
2653,-2
2654,-2
2655,-2
2656,-2
2657,-2
2658,-2
2659,-2
2660,-2
2661,-2
2662,-2
2663,-2
2664,-2
2665,-2
2666,-2
2667,-2
2668,-2
2669,-2
2670,-2
2671,-2
2672,-2
2673,-2
2674,-2
2675,-2
2676,-2
2677,-2
2678,-2
2679,-2
2680,-2
2681,-2
2682,-2
2683,-2
2684,-2
2685,-2
2686,-2
2687,-2
2688,-2
2689,-2
2690,-2
2691,-2
2692,-2
2693,-2
2694,-2
2695,-2
2696,-2
2697,-2
2698,-2
2699,-2
2700,-2
2701,-2
2702,-2
2703,-2
2704,-2
2705,-2
2706,-2
2707,-2
2708,-2
2709,-2
2710,-2
2711,-2
2712,-2
2713,-2
2714,-2
2715,-2
2716,-2
2717,-2
2718,-2
2719,-2
2720,-2
2721,-2
2722,-2
2723,-2
2724,-2
2725,-2
2726,-2
2727,-2
2728,-2
2729,-2
2730,-2
2731,-2
2732,-2
2733,-2
2734,-2
2735,-2
2736,-2
2737,-2
2738,-2
2739,-2
2740,-2
2741,-2
2742,-2
2743,-2
2744,-2
2745,-2
2746,-2
2747,-2
2748,-2
2749,-2
2750,-2
2751,-2
2752,-2
2753,-2
2754,-2
2755,-2
2756,-2
2757,-2
2758,-2
2759,-2
2760,-2
2761,-2
2762,-2
2763,-2
2764,-2
2765,-2
2766,-2
2767,-2
2768,-2
2769,-2
2770,-2
2771,-2
2772,-2
2773,-2
2774,-2
2775,-2
2776,-2
2777,-2
2778,-2
2779,-2
2780,-2
2781,-2
2782,-2
2783,-2
2784,-2
2785,-2
2786,-2
2787,-2
2788,-2
2789,-2
2790,-2
2791,-2
2792,-2
2793,-2
2794,-2
2795,-2
2796,-2
2797,-2
2798,-2
2799,-2
2800,-2
2801,-2
2802,-2
2803,-2
2804,-2
2805,-2
2806,-2
2807,-2
2808,-2
2809,-2
2810,-2
2811,-2
2812,-2
2813,-2
2814,-2
2815,-2
2816,-2
2817,-2
2818,-2
2819,-2
2820,-2
2821,-2
2822,-2
2823,-2
2824,-2
2825,-2
2826,-2
2827,-2
2828,-2
2829,-2
2830,-2
2831,-2
2832,-2
2833,-2
2834,-2
2835,-2
2836,-2
2837,-2
2838,-2
2839,-2
2840,-2
2841,-2
2842,-2
2843,-2
2844,-2
2845,-2
2846,-2
2847,-2
2848,-2
2849,-2
2850,-2
2851,-2
2852,-2
2853,-2
2854,-2
2855,-2
2856,-2
2857,-2
2858,-2
2859,-2
2860,-2
2861,-2
2862,-2
2863,-2
2864,-2
2865,-2
2866,-2
2867,-2
2868,-2
2869,-2
2870,-2
2871,-2
2872,-2
2873,-2
2874,-2
2875,-2
2876,-2
2877,-2
2878,-2
2879,-2
2880,-2
2881,-2
2882,-2
2883,-2
2884,-2
2885,-2
2886,-2
2887,-2
2888,-2
2889,-2
2890,-2
2891,-2
2892,-2
2893,-2
2894,-2
2895,-2
2896,-2
2897,-2
2898,-2
2899,-2
2900,-2
2901,-2
2902,-2
2903,-2
2904,-2
2905,-2
2906,-2
2907,-2
2908,-2
2909,-2
2910,-2
2911,-2
2912,-2
2913,-2
2914,-2
2915,-2
2916,-2
2917,-2
2918,-2
2919,-2
2920,-2
2921,-2
2922,-2
2923,-2
2924,-2
2925,-2
2926,-2
2927,-2
2928,-2
2929,-2
2930,-2
2931,-2
2932,-2
2933,-2
2934,-2
2935,-2
2936,-2
2937,-2
2938,-2
2939,-2
2940,-2
2941,-2
2942,-2
2943,-2
2944,-2
2945,-2
2946,-2
2947,-2
2948,-2
2949,-2
2950,-2
2951,-2
2952,-2
2953,-2
2954,-2
2955,-1.9375
2956,-1.9375
2957,-1.9375
2958,-1.9375
2959,-1.9375
2960,-2
2961,-2
2962,-2
2963,-2
2964,-2.0625
2965,-2
2966,-2
2967,-2
2968,-2
2969,-1.9375
2970,-1.9375
2971,-1.9375
2972,-1.9375
2973,-1.875
2974,-1.875
2975,-1.875
2976,-1.875
2977,-1.875
2978,-1.875
2979,-1.8125
2980,-1.8125
2981,-1.8125
2982,-1.8125
2983,-1.75
2984,-1.75
2985,-1.6875
2986,-1.6875
2987,-1.6875
2988,-1.6875
2989,-1.6875
2990,-1.6875
2991,-1.6875
2992,-1.6875
2993,-1.6875
2994,-1.6875
2995,-1.6875
2996,-1.6875
2997,-1.6875
2998,-1.6875
2999,-1.6875
3000,-1.6875
