1,15.375
2,15.75
3,16.125
4,16.25
5,16.375
6,16.5
7,16.5625
8,16.625
9,16.6875
10,16.75
11,16.875
12,17.25
13,17.375
14,17.5
15,17.5
16,17.5
17,17.5
18,17.5
19,17.4375
20,17.375
21,17.1875
22,17.0625
23,16.875
24,16.75
25,16.6875
26,16.5625
27,16.5625
28,16.625
29,16.6875
30,16.75
31,16.8125
32,16.8125
33,16.8125
34,16.875
35,16.875
36,16.9375
37,16.9375
38,17
39,17
40,17.0625
41,17.0625
42,17.125
43,17.1875
44,17.125
45,17.125
46,17.125
47,17.125
48,17.0625
49,17.0625
50,17
51,17
52,17
53,16.9375
54,16.9375
55,16.875
56,16.75
57,16.625
58,16.5625
59,16.4375
60,16.375
61,16.375
62,16.3125
63,16.25
64,16.1875
65,16.125
66,16.0625
67,16
68,16
69,16
70,16.0625
71,16.0625
72,16
73,16
74,15.9375
75,15.9375
76,15.9375
77,16
78,16
79,16
80,16.0625
81,16.0625
82,16.0625
83,16.0625
84,16.0625
85,16.125
86,16.25
87,16.25
88,16.1875
89,15.9375
90,15.9375
91,15.9375
92,15.9375
93,15.9375
94,15.9375
95,16.0625
96,16.0625
97,16.0625
98,15.9375
99,15.875
100,16
101,16.0625
102,16.0625
103,16.125
104,16.1875
105,16.375
106,16.5
107,16.625
108,16.75
109,17.375
110,17.5
111,18
112,18.125
113,18.375
114,18.75
115,18.8125
116,18.9375
117,18.9375
118,18.9375
119,18.9375
120,18.875
121,18.75
122,18.5
123,18.375
124,18.0625
125,17.625
126,17.3125
127,17.0625
128,16.8125
129,16.5625
130,16.4375
131,16.125
132,15.9375
133,15.875
134,15.5625
135,15.375
136,15.1875
137,15.0625
138,15
139,14.875
140,14.6875
141,14.625
142,14.4375
143,14.3125
144,14.25
145,14.125
146,14
147,13.9375
148,13.5625
149,13.5
150,13.375
151,13.3125
152,13.3125
153,13.375
154,13.375
155,13.5
156,13.5625
157,13.625
158,13.625
159,13.625
160,13.625
161,13.5625
162,13.5625
163,13.5625
164,13.5625
165,13.5625
166,13.4375
167,13.4375
168,13.4375
169,13.375
170,13.3125
171,13.3125
172,13.25
173,13.25
174,13.3125
175,13.3125
176,13.4375
177,13.5
178,13.5625
179,13.5625
180,13.625
181,13.8125
182,13.8125
183,13.875
184,14
185,14
186,14.0625
187,14.1875
188,14.25
189,14.25
190,14.25
191,14.3125
192,14.3125
193,14.375
194,14.4375
195,14.5
196,14.5
197,14.5
198,14.4375
199,14.375
200,14.3125
201,14.1875
202,14
203,13.8125
204,13.625
205,13.3125
206,12.8125
207,12.4375
208,12
209,11.5
210,11.1875
211,11.0625
212,10.8125
213,10.6875
214,10.625
215,10.25
216,10.1875
217,10.3125
218,10.25
219,10.5
220,11
221,11.125
222,11
223,11
224,11
225,11
226,11
227,10.9375
228,10.75
229,10.875
230,11.0625
231,11.125
232,10.625
233,10.1875
234,10.3125
235,10.75
236,10.9375
237,10.875
238,10.625
239,10.5625
240,10.375
241,10.375
242,10.5625
243,10.5625
244,10.75
245,11.4375
246,11.5625
247,11.625
248,11.75
249,11.8125
250,12
251,12.3125
252,12.375
253,12.4375
254,12.4375
255,12.5
256,12.5
257,12.5
258,12.5
259,12.3125
260,12.25
261,12.25
262,12.125
263,12.125
264,12.0625
265,11.9375
266,11.9375
267,11.875
268,11.8125
269,11.75
270,11.75
271,11.6875
272,11.625
273,11.5625
274,11.5
275,11.5
276,11.375
277,11.25
278,11.1875
279,11.1875
280,11.1875
281,11.1875
282,11.125
283,11.125
284,11.3125
285,11.3125
286,11.4375
287,11.4375
288,11.4375
289,11.4375
290,11.5
291,11.625
292,11.75
293,11.9375
294,12.0625
295,12.125
296,12.1875
297,12.1875
298,12.25
299,12.25
300,12.25
301,12.25
302,12.25
303,12.25
304,12.25
305,12.25
306,12.25
307,12.25
308,12.3125
309,12.375
310,12.375
311,12.375
312,12.4375
313,12.4375
314,12.4375
315,12.5
316,12.5
317,12.5
318,12.5625
319,12.5625
320,12.5625
321,12.625
322,12.625
323,12.6875
324,12.6875
325,12.75
326,12.8125
327,12.8125
328,12.875
329,12.875
330,12.875
331,12.625
332,12.5
333,12.375
334,12
335,11.875
336,11.5625
337,11.25
338,11
339,10.8125
340,10.25
341,10.0625
342,9.5
343,9.375
344,9.0625
345,8.5625
346,8.375
347,8.25
348,7.9375
349,7.75
350,7.5
351,7.25
352,7.375
353,7.75
354,8.1875
355,8.375
356,8.8125
357,9
358,9
359,9.0625
360,9.375
361,9.8125
362,9.9375
363,10.125
364,10.125
365,9.9375
366,9.9375
367,9.9375
368,9.3125
369,8.6875
370,9
371,9.5
372,9.625
373,9.5
374,9.3125
375,9.3125
376,9.625
377,10.1875
378,10.5625
379,11.375
380,11.6875
381,11.6875
382,11.75
383,12.125
384,12.6875
385,13.1875
386,13.375
387,13.6875
388,13.6875
389,13.6875
390,13.75
391,13.8125
392,13.875
393,13.75
394,13.625
395,13.5
396,13.5
397,13.25
398,13
399,13
400,13
401,12.9375
402,12.9375
403,12.9375
404,12.8125
405,12.75
406,12.6875
407,12.625
408,12.5625
409,12.4375
410,12.375
411,12.375
412,12.1875
413,12
414,11.9375
415,11.5625
416,11.4375
417,11.25
418,10.875
419,10.8125
420,10.4375
421,10.375
422,10.25
423,10.125
424,10
425,9.875
426,9.875
427,10
428,10.125
429,10.1875
430,10.1875
431,10.375
432,10.4375
433,10.5
434,10.4375
435,10.4375
436,10.4375
437,10.5
438,10.5625
439,10.5625
440,10.5625
441,10.5625
442,10.5625
443,10.5625
444,10.5625
445,10.625
446,10.625
447,10.6875
448,10.75
449,10.8125
450,10.875
451,11.125
452,11.1875
453,11.25
454,11.4375
455,11.4375
456,11.5
457,11.5625
458,11.625
459,11.875
460,12.0625
461,12.125
462,12.1875
463,12.25
464,12.375
465,12.75
466,12.9375
467,13
468,13.0625
469,13.0625
470,13.125
471,13.125
472,12.9375
473,12.8125
474,12.75
475,12.6875
476,12.3125
477,11.875
478,11.75
479,11.25
480,11.0625
481,10.5625
482,10.1875
483,10.0625
484,10.125
485,10.1875
486,10.1875
487,9.8125
488,9.75
489,9.875
490,10.4375
491,10.625
492,10.8125
493,10.8125
494,10.625
495,10
496,9.875
497,10
498,10.3125
499,10.375
500,10.25
501,10.0625
502,10
503,10.0625
504,10.0625
505,10.125
506,10.25
507,10.25
508,10.1875
509,10.125
510,10.125
511,10.125
512,10.125
513,10.0625
514,10
515,9.875
516,9.9375
517,10.125
518,10.75
519,10.875
520,11.125
521,11.3125
522,11.4375
523,11.8125
524,12.1875
525,12.375
526,12.625
527,12.875
528,13
529,13.125
530,13.1875
531,13.1875
532,13.1875
533,13.25
534,13.25
535,13.1875
536,13.1875
537,12.875
538,12.625
539,12.5
540,12.1875
541,11.9375
542,11.75
543,11.625
544,11.5625
545,11.5
546,11.4375
547,11.375
548,11.3125
549,11.3125
550,11.3125
551,11.3125
552,11.3125
553,11.25
554,11.1875
555,11.1875
556,11.1875
557,11.125
558,11.0625
559,10.875
560,10.8125
561,10.6875
562,10.4375
563,10.375
564,10.25
565,10.1875
566,10.1875
567,10.25
568,10.3125
569,10.4375
570,10.4375
571,10.5
572,10.5625
573,10.625
574,10.5625
575,10.5625
576,10.5
577,10.5
578,10.5
579,10.5625
580,10.5625
581,10.5625
582,10.5625
583,10.5625
584,10.625
585,10.625
586,10.6875
587,10.6875
588,10.625
589,10.625
590,10.5625
591,10.5625
592,10.625
593,10.625
594,10.625
595,10.75
596,10.8125
597,10.875
598,10.75
599,10.75
600,10.6875
601,10.5625
602,10.5625
603,10.5625
604,10.5
605,10.5
606,10.5
607,10.5625
608,10.625
609,10.625
610,10.625
611,10.625
612,10.375
613,10.25
614,10.1875
615,10.1875
616,10.1875
617,10.125
618,10.125
619,10.125
620,10.125
621,9.875
622,9.75
623,9.4375
624,9.375
625,9.3125
626,8.9375
627,8.75
628,8.5625
629,8.4375
630,8.5625
631,8.625
632,8.25
633,7.75
634,7.75
635,7.6875
636,7.6875
637,7.75
638,7.6875
639,7.6875
640,7.875
641,8
642,8.125
643,8.5
644,9.125
645,9.3125
646,8.6875
647,8.25
648,8.0625
649,8.5625
650,8.75
651,9
652,8.9375
653,8.75
654,8.4375
655,8.3125
656,8.4375
657,8.6875
658,8.9375
659,9.1875
660,9.25
661,9.4375
662,9.8125
663,9.875
664,10.0625
665,10.25
666,10.375
667,10.625
668,10.875
669,11
670,11.375
671,11.6875
672,11.9375
673,12.4375
674,12.5625
675,12.8125
676,12.875
677,12.8125
678,12.5625
679,12.4375
680,12.4375
681,12.375
682,12.375
683,12.375
684,12.25
685,12.1875
686,12.125
687,12.0625
688,12
689,12
690,11.875
691,11.8125
692,11.8125
693,11.6875
694,11.5625
695,11.3125
696,11.0625
697,10.9375
698,10.75
699,10.5625
700,10.5
701,10.3125
702,10.0625
703,9.9375
704,9.75
705,9.625
706,9.5625
707,9.5
708,9.375
709,9.375
710,9.375
711,9.4375
712,9.5
713,9.5
714,9.5
715,9.625
716,9.75
717,9.75
718,9.6875
719,9.6875
720,9.625
721,9.625
722,9.625
723,9.5625
724,9.5625
725,9.5625
726,9.625
727,9.625
728,9.625
729,9.75
730,9.75
731,9.75
732,9.8125
733,9.8125
734,9.8125
735,9.875
736,9.9375
737,9.9375
738,9.9375
739,9.9375
740,9.9375
741,10
742,10.0625
743,10.125
744,10.1875
745,10.4375
746,10.5625
747,10.5625
748,10.5
749,10.375
750,10.375
751,10.3125
752,10.3125
753,10.3125
754,10.25
755,10.25
756,10.1875
757,10.1875
758,10.1875
759,10.375
760,10.3125
761,10.3125
762,10.25
763,10.25
764,10.25
765,10.375
766,10.375
767,10.3125
768,10
769,9.9375
770,9.875
771,9.4375
772,9.125
773,8.9375
774,8.8125
775,8.6875
776,8.25
777,8.125
778,8.0625
779,8.1875
780,8.25
781,8.1875
782,8.0625
783,8.0625
784,8.625
785,8.875
786,8.9375
787,8.8125
788,8.625
789,8.875
790,9.4375
791,9.875
792,10
793,9.9375
794,9.625
795,9.4375
796,9.25
797,9.3125
798,9.4375
799,9.375
800,9.125
801,8.9375
802,9.1875
803,9.3125
804,9.6875
805,10.1875
806,10.3125
807,10.6875
808,11
809,11.1875
810,11.4375
811,11.75
812,12
813,12.125
814,12.3125
815,12.4375
816,12.5
817,12.5
818,12.3125
819,12.1875
820,12.125
821,12
822,11.8125
823,11.625
824,11.4375
825,11.375
826,11.25
827,11.1875
828,11
829,10.8125
830,10.625
831,10.5
832,10.375
833,10.125
834,9.875
835,9.75
836,9.5625
837,9.4375
838,9.375
839,9.3125
840,9.1875
841,9.0625
842,8.875
843,8.75
844,8.6875
845,8.5
846,8.4375
847,8.375
848,8.5
849,8.625
850,8.6875
851,8.875
852,9
853,9.0625
854,9.1875
855,9.25
856,9.3125
857,9.375
858,9.4375
859,9.4375
860,9.375
861,9.3125
862,9.25
863,9.1875
864,9.1875
865,9.1875
866,9.125
867,9.125
868,9.1875
869,9.1875
870,9.25
871,9.25
872,9.25
873,9.3125
874,9.375
875,9.375
876,9.375
877,9.375
878,9.375
879,9.4375
880,9.4375
881,9.4375
882,9.4375
883,9.4375
884,9.4375
885,9.4375
886,9.375
887,9.375
888,9.375
889,9.375
890,9.4375
891,9.5625
892,9.625
893,9.6875
894,9.75
895,9.8125
896,9.75
897,9.75
898,9.6875
899,9.6875
900,9.75
901,9.6875
902,9.6875
903,9.6875
904,9.75
905,9.8125
906,9.75
907,9.5
908,9.25
909,9.125
910,9
911,8.875
912,8.5625
913,8.375
914,8.125
915,7.75
916,7.625
917,7.625
918,7.5625
919,7.4375
920,7.0625
921,7
922,6.9375
923,6.6875
924,6.5625
925,6.4375
926,6.3125
927,6.25
928,6.1875
929,5.9375
930,5.9375
931,5.875
932,5.8125
933,5.6875
934,5.5625
935,5.8125
936,5.9375
937,6.25
938,6.25
939,6.25
940,6.1875
941,6.25
942,6.4375
943,7.125
944,7.1875
945,7.1875
946,7
947,6.9375
948,7
949,7.0625
950,7.1875
951,7.4375
952,7.875
953,8.125
954,8.375
955,8.6875
956,8.8125
957,8.9375
958,9.3125
959,9.8125
960,9.9375
961,10.0625
962,10.0625
963,9.9375
964,9.8125
965,9.625
966,9.25
967,9.0625
968,8.75
969,8.4375
970,8.3125
971,8.125
972,8
973,7.8125
974,7.8125
975,7.8125
976,7.8125
977,7.875
978,7.875
979,7.75
980,7.6875
981,7.6875
982,7.5625
983,7.4375
984,7.375
985,7.3125
986,7.25
987,7.1875
988,7.0625
989,7
990,6.8125
991,6.6875
992,6.625
993,6.4375
994,6.3125
995,6.3125
996,6.375
997,6.375
998,6.4375
999,6.4375
1000,6.4375
1001,6.4375
1002,6.4375
1003,6.4375
1004,6.5
1005,6.5
1006,6.5
1007,6.5
1008,6.5
1009,6.4375
1010,6.5
1011,6.5625
1012,6.5625
1013,6.625
1014,6.625
1015,6.6875
1016,6.75
1017,6.75
1018,6.75
1019,6.8125
1020,6.8125
1021,6.8125
1022,6.875
1023,6.8125
1024,6.8125
1025,6.875
1026,6.875
1027,6.875
1028,6.9375
1029,6.875
1030,6.875
1031,6.9375
1032,6.9375
1033,7
1034,7
1035,7
1036,7
1037,7.0625
1038,7.125
1039,7.125
1040,7.25
1041,7.3125
1042,7.4375
1043,7.5
1044,7.5
1045,7.5
1046,7.5
1047,7.5
1048,7.5625
1049,7.625
1050,7.625
1051,7.5625
1052,7.5
1053,7.4375
1054,7.4375
1055,7.4375
1056,7.375
1057,7.3125
1058,7.25
1059,7.0625
1060,6.9375
1061,6.8125
1062,6.625
1063,6.5625
1064,6.5
1065,6.1875
1066,6.0625
1067,5.8125
1068,5.75
1069,5.6875
1070,5.5625
1071,5.5625
1072,5.5
1073,5.3125
1074,5.3125
1075,5.375
1076,5.5625
1077,5.5
1078,5.4375
1079,5.5
1080,5.4375
1081,5.3125
1082,5.375
1083,5.5625
1084,5.6875
1085,5.6875
1086,5.75
1087,5.875
1088,5.8125
1089,5.75
1090,5.6875
1091,5.625
1092,5.5625
1093,5.625
1094,5.875
1095,6.375
1096,6.5
1097,6.4375
1098,6.1875
1099,6.0625
1100,6.0625
1101,6.25
1102,6.3125
1103,6.5
1104,6.5625
1105,6.5625
1106,6.8125
1107,7
1108,7.1875
1109,7.9375
1110,8.125
1111,8.3125
1112,8.875
1113,9.0625
1114,9.3125
1115,9.9375
1116,10.125
1117,10.3125
1118,10.625
1119,10.75
1120,10.75
1121,10.75
1122,10.5625
1123,10.125
1124,10.0625
1125,10
1126,9.8125
1127,9.8125
1128,9.75
1129,9.5625
1130,9.5625
1131,9.4375
1132,9.4375
1133,9.3125
1134,9.1875
1135,9.125
1136,9.0625
1137,8.8125
1138,8.625
1139,8.5
1140,8.375
1141,8.25
1142,8.0625
1143,8
1144,7.9375
1145,7.8125
1146,7.75
1147,7.75
1148,7.6875
1149,7.625
1150,7.625
1151,7.5625
1152,7.5625
1153,7.5625
1154,7.5
1155,7.5
1156,7.4375
1157,7.4375
1158,7.375
1159,7.4375
1160,7.4375
1161,7.4375
1162,7.5
1163,7.5625
1164,7.625
1165,7.75
1166,7.8125
1167,7.875
1168,7.9375
1169,7.9375
1170,8
1171,8
1172,8
1173,8.0625
1174,8.0625
1175,8.0625
1176,8.0625
1177,8.0625
1178,8
1179,7.9375
1180,7.9375
1181,7.9375
1182,7.9375
1183,7.9375
1184,8.0625
1185,8.125
1186,8.3125
1187,8.25
1188,8.125
1189,7.9375
1190,7.8125
1191,7.875
1192,7.75
1193,7.625
1194,7.4375
1195,7.375
1196,7.4375
1197,7.5
1198,7.4375
1199,7.4375
1200,7.4375
1201,7.5
1202,7.5625
1203,7.5625
1204,7.5
1205,7.5625
1206,7.25
1207,7.125
1208,6.875
1209,6.5625
1210,6.4375
1211,6.125
1212,5.6875
1213,5.5625
1214,5.375
1215,5.25
1216,5.1875
1217,5.125
1218,5.25
1219,5.5625
1220,5.8125
1221,5.875
1222,5.875
1223,5.75
1224,5.6875
1225,5.75
1226,6.0625
1227,6.625
1228,7.0625
1229,7.25
1230,7.25
1231,7.3125
1232,7.5
1233,7.625
1234,7.9375
1235,7.875
1236,7.75
1237,7.5625
1238,7.25
1239,7
1240,7
1241,7.125
1242,7.5
1243,8
1244,8.375
1245,8.6875
1246,8.8125
1247,8.9375
1248,9.125
1249,9.25
1250,9.3125
1251,9.5625
1252,9.75
1253,10.0625
1254,10.4375
1255,10.6875
1256,10.6875
1257,10.6875
1258,10.6875
1259,10.625
1260,10.625
1261,10.4375
1262,10.25
1263,10.1875
1264,9.8125
1265,9.625
1266,9.5
1267,9.125
1268,9.0625
1269,8.875
1270,8.4375
1271,8.3125
1272,8
1273,7.3125
1274,7.1875
1275,7.125
1276,7.1875
1277,7.125
1278,7.0625
1279,7.0625
1280,7
1281,7.0625
1282,7.125
1283,7.0625
1284,7
1285,6.9375
1286,6.9375
1287,6.875
1288,6.875
1289,6.9375
1290,7
1291,7.125
1292,7.4375
1293,7.5
1294,7.5625
1295,7.75
1296,7.8125
1297,7.875
1298,7.9375
1299,8.0625
1300,8.125
1301,8.1875
1302,8.1875
1303,8.1875
1304,8.25
1305,8.25
1306,8.3125
1307,8.25
1308,8.25
1309,8.3125
1310,8.375
1311,8.375
1312,8.375
1313,8.375
1314,8.5
1315,8.5625
1316,8.625
1317,8.8125
1318,8.875
1319,9
1320,9.3125
1321,9.375
1322,9.5
1323,9.5
1324,9.5
1325,9.4375
1326,9.5
1327,9.5
1328,9.4375
1329,9.4375
1330,9.4375
1331,9.5625
1332,9.6875
1333,9.6875
1334,9.5
1335,9.25
1336,9
1337,8.9375
1338,8.875
1339,8.5625
1340,8.375
1341,8.3125
1342,8.4375
1343,8.625
1344,8.6875
1345,8.5625
1346,8.75
1347,8.8125
1348,8.875
1349,8.9375
1350,9.3125
1351,9.375
1352,9.5
1353,9.375
1354,9.3125
1355,9.25
1356,9.3125
1357,9.25
1358,9.25
1359,9.0625
1360,9.125
1361,9.1875
1362,9.1875
1363,9.0625
1364,9
1365,9.0625
1366,9.1875
1367,8.75
1368,8.5625
1369,8.375
1370,8.3125
1371,8.375
1372,8.5
1373,8.875
1374,8.9375
1375,9
1376,9.8125
1377,10.125
1378,10.6875
1379,11.1875
1380,11.5625
1381,11.6875
1382,11.9375
1383,12
1384,12.25
1385,12.375
1386,12.4375
1387,12.5
1388,12.5
1389,12.4375
1390,12.375
1391,12.25
1392,12
1393,11.75
1394,11.625
1395,11.3125
1396,11.0625
1397,10.9375
1398,10.75
1399,10.5625
1400,10.4375
1401,10.375
1402,10.3125
1403,10.125
1404,9.875
1405,9.8125
1406,9.5
1407,9.25
1408,9.125
1409,8.9375
1410,8.875
1411,8.6875
1412,8.5625
1413,8.5
1414,8.375
1415,8.25
1416,8.1875
1417,8.0625
1418,7.9375
1419,7.875
1420,7.75
1421,7.75
1422,7.75
1423,7.875
1424,7.875
1425,7.9375
1426,7.9375
1427,7.9375
1428,8
1429,8.0625
1430,8.1875
1431,8.25
1432,8.25
1433,8.1875
1434,8.1875
1435,8.25
1436,8.1875
1437,8.25
1438,8.25
1439,8.375
1440,8.4375
1441,8.4375
1442,8.4375
1443,8.4375
1444,8.5
1445,8.625
1446,8.625
1447,8.5625
1448,8.625
1449,8.625
1450,8.625
1451,8.625
1452,8.625
1453,8.6875
1454,8.75
1455,8.9375
1456,9.0625
1457,9.0625
1458,9
1459,9
1460,9
1461,9
1462,9
1463,8.8125
1464,8.5
1465,8.375
1466,8.0625
1467,7.9375
1468,7.9375
1469,7.9375
1470,7.6875
1471,7.625
1472,7.3125
1473,7.25
1474,7.1875
1475,6.9375
1476,6.8125
1477,6.625
1478,6.3125
1479,6.25
1480,6.3125
1481,6.375
1482,6.25
1483,6.25
1484,6.375
1485,6.4375
1486,6.4375
1487,6.375
1488,6.3125
1489,6.4375
1490,6.6875
1491,6.75
1492,6.8125
1493,6.875
1494,7
1495,7.5625
1496,7.75
1497,7.8125
1498,7.9375
1499,8.0625
1500,8.25
1501,8.3125
1502,8.3125
1503,8.3125
1504,8.3125
1505,8.1875
1506,8
1507,7.9375
1508,8
1509,8.25
1510,8.375
1511,8.625
1512,8.8125
1513,8.875
1514,9.3125
1515,9.4375
1516,9.6875
1517,10
1518,10.125
1519,10.1875
1520,10.75
1521,11
1522,11.5
1523,11.6875
1524,11.75
1525,11.75
1526,11.6875
1527,11.625
1528,11.5
1529,11.5
1530,11.375
1531,11.125
1532,11
1533,10.75
1534,10.6875
1535,10.6875
1536,10.5
1537,10.4375
1538,10.375
1539,10.125
1540,10.0625
1541,10.0625
1542,9.8125
1543,9.6875
1544,9.625
1545,9.5
1546,9.4375
1547,9.3125
1548,9.125
1549,9.125
1550,9.0625
1551,9.0625
1552,9
1553,8.875
1554,8.75
1555,8.75
1556,8.6875
1557,8.6875
1558,8.6875
1559,8.6875
1560,8.6875
1561,8.75
1562,8.75
1563,8.75
1564,8.6875
1565,8.6875
1566,8.75
1567,8.875
1568,8.9375
1569,9
1570,9.0625
1571,9.125
1572,9.1875
1573,9.25
1574,9.25
1575,9.25
1576,9.25
1577,9.1875
1578,9.1875
1579,9.125
1580,9.1875
1581,9.25
1582,9.25
1583,9.3125
1584,9.3125
1585,9.3125
1586,9.25
1587,9.25
1588,9.25
1589,9.25
1590,9.1875
1591,9.1875
1592,9.25
1593,9.25
1594,9.1875
1595,9.1875
1596,9.1875
1597,9.1875
1598,9.1875
1599,9.25
1600,9.3125
1601,9.375
1602,9.375
1603,9.4375
1604,9.5625
1605,9.6875
1606,9.875
1607,9.9375
1608,10.125
1609,10.25
1610,10.25
1611,10.3125
1612,10.25
1613,10.1875
1614,10
1615,9.9375
1616,9.8125
1617,9.75
1618,9.6875
1619,9.375
1620,9.25
1621,8.9375
1622,8.5625
1623,8.5
1624,8.4375
1625,8.3125
1626,8.1875
1627,8.125
1628,8.125
1629,8
1630,8
1631,8.125
1632,8
1633,8
1634,8
1635,7.9375
1636,7.9375
1637,7.625
1638,7.625
1639,8
1640,8.25
1641,9.1875
1642,9.3125
1643,9.125
1644,8.75
1645,8.8125
1646,8.9375
1647,9.75
1648,10
1649,10.25
1650,10.3125
1651,10
1652,9.6875
1653,8.875
1654,8.8125
1655,8.75
1656,8.375
1657,7.3125
1658,6.3125
1659,6
1660,6.125
1661,6.5625
1662,7
1663,7.0625
1664,7.0625
1665,6.75
1666,6.6875
1667,6.875
1668,7.25
1669,7.625
1670,8.0625
1671,8.1875
1672,8.6875
1673,8.9375
1674,9.0625
1675,9.1875
1676,9.25
1677,9.25
1678,9.375
1679,9.5625
1680,9.8125
1681,10.25
1682,10.4375
1683,10.9375
1684,11.0625
1685,11.1875
1686,11.25
1687,11.0625
1688,11.0625
1689,10.9375
1690,10.9375
1691,10.875
1692,10.875
1693,10.875
1694,10.75
1695,10.625
1696,10.625
1697,10.5
1698,10.375
1699,10.3125
1700,10.0625
1701,10
1702,9.8125
1703,9.75
1704,9.625
1705,9.375
1706,9.3125
1707,9.3125
1708,9.25
1709,9.1875
1710,9.125
1711,9.0625
1712,9.0625
1713,9.125
1714,9.125
1715,9.125
1716,9.125
1717,9.1875
1718,9.25
1719,9.375
1720,9.5
1721,9.5625
1722,9.625
1723,9.6875
1724,9.6875
1725,9.75
1726,9.75
1727,9.75
1728,9.75
1729,9.75
1730,9.75
1731,9.6875
1732,9.6875
1733,9.6875
1734,9.75
1735,9.8125
1736,9.8125
1737,9.875
1738,9.875
1739,9.9375
1740,9.9375
1741,10.0625
1742,10.0625
1743,10.0625
1744,10
1745,10
1746,10
1747,10.0625
1748,10.0625
1749,10.0625
1750,10.125
1751,10.125
1752,10.125
1753,10.125
1754,10.1875
1755,10.3125
1756,10.4375
1757,10.5625
1758,10.625
1759,10.5625
1760,10.5
1761,10.4375
1762,10.375
1763,10.3125
1764,10.25
1765,10.125
1766,10
1767,9.9375
1768,9.8125
1769,9.6875
1770,9.625
1771,9.5
1772,9.375
1773,9.3125
1774,9.0625
1775,9
1776,9
1777,8.9375
1778,8.8125
1779,8.6875
1780,8.5625
1781,8.5
1782,8.5
1783,8.375
1784,8.375
1785,8.3125
1786,8.3125
1787,8.25
1788,8
1789,7.8125
1790,7.375
1791,6.875
1792,6.75
1793,6.6875
1794,6.75
1795,6.75
1796,6.875
1797,6.875
1798,6.6875
1799,6.5
1800,6.5
1801,6.625
1802,6.9375
1803,7.0625
1804,7.0625
1805,7
1806,7.0625
1807,7.375
1808,7.5625
1809,8.0625
1810,8.5625
1811,8.5
1812,8.25
1813,8.125
1814,8.3125
1815,8.6875
1816,8.8125
1817,8.625
1818,8.3125
1819,8.1875
1820,8.125
1821,8.1875
1822,8
1823,7.8125
1824,7.5625
1825,7.5625
1826,7.5625
1827,7.625
1828,7.8125
1829,8
1830,8.375
1831,8.5
1832,8.75
1833,9.5
1834,9.875
1835,10
1836,10.0625
1837,10.1875
1838,10.4375
1839,10.625
1840,10.875
1841,11.1875
1842,11.4375
1843,11.5625
1844,11.5625
1845,11.5625
1846,11.5
1847,11.4375
1848,11.375
1849,11.3125
1850,11.3125
1851,11.25
1852,11.1875
1853,10.9375
1854,10.875
1855,10.75
1856,10.5625
1857,10.4375
1858,10.25
1859,10.125
1860,9.875
1861,9.8125
1862,9.5625
1863,9.375
1864,9.25
1865,9.125
1866,9.0625
1867,9.0625
1868,9
1869,8.875
1870,8.8125
1871,8.75
1872,8.6875
1873,8.625
1874,8.5625
1875,8.5625
1876,8.625
1877,8.5
1878,8.4375
1879,8.375
1880,8.3125
1881,8.3125
1882,8.3125
1883,8.3125
1884,8.3125
1885,8.4375
1886,8.4375
1887,8.4375
1888,8.5
1889,8.5
1890,8.5
1891,8.5
1892,8.5625
1893,8.5625
1894,8.625
1895,8.6875
1896,8.625
1897,8.625
1898,8.625
1899,8.625
1900,8.625
1901,8.625
1902,8.625
1903,8.6875
1904,8.6875
1905,8.75
1906,8.75
1907,8.8125
1908,8.875
1909,8.875
1910,8.9375
1911,8.9375
1912,9
1913,9
1914,9
1915,9
1916,9
1917,9
1918,9
1919,9.125
1920,9.1875
1921,9.25
1922,9.375
1923,9.375
1924,9.4375
1925,9.5
1926,9.5
1927,9.5
1928,9.5
1929,9.5
1930,9.5
1931,9.5
1932,9.5
1933,9.5
1934,9.5
1935,9.5625
1936,9.5625
1937,9.5
1938,9.5
1939,9.4375
1940,9.375
1941,9.3125
1942,9.25
1943,9.1875
1944,9.125
1945,8.9375
1946,8.6875
1947,8.625
1948,8.5625
1949,8.5
1950,8.5
1951,8.375
1952,8.3125
1953,8.25
1954,8.1875
1955,7.9375
1956,7.9375
1957,8
1958,8.125
1959,8.3125
1960,8.4375
1961,8.4375
1962,8.4375
1963,8.3125
1964,8.3125
1965,8.375
1966,8.625
1967,8.75
1968,8.875
1969,8.8125
1970,8.625
1971,8.375
1972,8.25
1973,8.125
1974,8.1875
1975,8.25
1976,8.3125
1977,8.1875
1978,8.0625
1979,7.5625
1980,7.4375
1981,7.3125
1982,7.125
1983,7
1984,7
1985,7.125
1986,7.125
1987,7
1988,6.8125
1989,6.75
1990,6.75
1991,6.75
1992,6.8125
1993,6.8125
1994,6.875
1995,6.9375
1996,6.875
1997,6.8125
1998,6.8125
1999,6.75
2000,6.6875
2001,6.5625
2002,6.5
2003,6.4375
2004,6.4375
2005,6.5
2006,6.5625
2007,6.75
2008,6.875
2009,7.125
2010,7.4375
2011,7.6875
2012,7.75
2013,7.75
2014,7.75
2015,7.75
2016,7.6875
2017,7.75
2018,7.75
2019,7.9375
2020,8.1875
2021,8.75
2022,9.1875
2023,9.375
2024,9.9375
2025,10.125
2026,10.1875
2027,10.3125
2028,10.4375
2029,10.5
2030,10.5
2031,10.4375
2032,10.375
2033,10.25
2034,10.25
2035,10.1875
2036,10.0625
2037,9.9375
2038,9.8125
2039,9.6875
2040,9.6875
2041,9.8125
2042,9.875
2043,10
2044,10.375
2045,10.4375
2046,10.5
2047,10.375
2048,10.375
2049,10.25
2050,10.1875
2051,10
2052,9.875
2053,9.625
2054,9.5
2055,9.375
2056,9.375
2057,9.3125
2058,9.25
2059,9.125
2060,9.0625
2061,8.9375
2062,8.875
2063,8.875
2064,8.75
2065,8.625
2066,8.5
2067,8.4375
2068,8.375
2069,8.375
2070,8.25
2071,8.25
2072,8.1875
2073,8.1875
2074,8.125
2075,8
2076,7.875
2077,7.8125
2078,7.75
2079,7.6875
2080,7.5625
2081,7.5
2082,7.5
2083,7.4375
2084,7.4375
2085,7.375
2086,7.3125
2087,7.3125
2088,7.4375
2089,7.625
2090,7.625
2091,7.6875
2092,7.625
2093,7.625
2094,7.5625
2095,7.5625
2096,7.625
2097,7.625
2098,7.5625
2099,7.625
2100,7.625
2101,7.625
2102,7.625
2103,7.5625
2104,7.625
2105,7.625
2106,7.6875
2107,7.6875
2108,7.5625
2109,7.5
2110,7.4375
2111,7.375
2112,7.375
2113,7.375
2114,7.3125
2115,7.3125
2116,7.375
2117,7.4375
2118,7.4375
2119,7.4375
2120,7.375
2121,7.375
2122,7.375
2123,7.375
2124,7.375
2125,7.4375
2126,7.4375
2127,7.375
2128,7.375
2129,7.375
2130,7.3125
2131,7.3125
2132,7.3125
2133,7.3125
2134,7.25
2135,7.25
2136,7.25
2137,7.3125
2138,7.3125
2139,7.3125
2140,7.3125
2141,7.3125
2142,7.3125
2143,7.3125
2144,7.3125
2145,7.3125
2146,7.3125
2147,7.3125
2148,7.375
2149,7.4375
2150,7.4375
2151,7.5
2152,7.5
2153,7.5
2154,7.5
2155,7.5
2156,7.5
2157,7.4375
2158,7.375
2159,7.25
2160,7.25
2161,7.3125
2162,7.375
2163,7.375
2164,7.375
2165,7.3125
2166,7.3125
2167,7.3125
2168,7.3125
2169,7.375
2170,7.375
2171,7.375
2172,7.4375
2173,7.4375
2174,7.5
2175,7.5
2176,7.5625
2177,7.6875
2178,7.6875
2179,7.6875
2180,7.6875
2181,7.6875
2182,7.75
2183,7.625
2184,7.5625
2185,7.375
2186,7.25
2187,7.0625
2188,6.9375
2189,6.875
2190,6.6875
2191,6.5625
2192,6.4375
2193,6.25
2194,6.1875
2195,6.125
2196,6
2197,6
2198,5.9375
2199,5.875
2200,5.8125
2201,5.75
2202,5.75
2203,5.75
2204,5.75
2205,5.75
2206,5.6875
2207,5.6875
2208,5.6875
2209,5.6875
2210,5.75
2211,5.75
2212,5.75
2213,5.75
2214,5.8125
2215,5.8125
2216,5.8125
2217,5.75
2218,5.75
2219,5.8125
2220,5.8125
2221,5.75
2222,5.8125
2223,5.8125
2224,5.8125
2225,5.8125
2226,5.8125
2227,5.8125
2228,5.8125
2229,5.875
2230,5.875
2231,5.875
2232,5.875
2233,5.875
2234,5.9375
2235,5.9375
2236,5.9375
2237,6
2238,6.0625
2239,6.125
2240,6.125
2241,6.0625
2242,6.0625
2243,6.125
2244,6.125
2245,6.125
2246,6.125
2247,6.125
2248,6.125
2249,6.125
2250,6.125
2251,6.125
2252,6.125
2253,6.1875
2254,6.1875
2255,6.1875
2256,6.1875
2257,6.1875
2258,6.1875
2259,6.1875
2260,6.1875
2261,6.1875
2262,6.1875
2263,6.125
2264,6.125
2265,6.125
2266,6.125
2267,6.125
2268,6.125
2269,6.125
2270,6.1875
2271,6.1875
2272,6.125
2273,6.125
2274,6.125
2275,6.125
2276,6.1875
2277,6.125
2278,6.125
2279,6.125
2280,6.1875
2281,6.1875
2282,6.1875
2283,6.125
2284,6.125
2285,6.1875
2286,6.1875
2287,6.1875
2288,6.1875
2289,6.25
2290,6.25
2291,6.25
2292,6.25
2293,6.25
2294,6.25
2295,6.25
2296,6.25
2297,6.25
2298,6.1875
2299,6.1875
2300,6.1875
2301,6.1875
2302,6.1875
2303,6.1875
2304,6.1875
2305,6.1875
2306,6.1875
2307,6.1875
2308,6.25
2309,6.25
2310,6.3125
2311,6.3125
2312,6.3125
2313,6.3125
2314,6.3125
2315,6.3125
2316,6.3125
2317,6.375
2318,6.375
2319,6.375
2320,6.3125
2321,6.3125
2322,6.375
2323,6.375
2324,6.375
2325,6.3125
2326,6.3125
2327,6.3125
2328,6.375
2329,6.375
2330,6.375
2331,6.375
2332,6.375
2333,6.375
2334,6.3125
2335,6.3125
2336,6.375
2337,6.375
2338,6.3125
2339,6.3125
2340,6.3125
2341,6.375
2342,6.4375
2343,6.4375
2344,6.4375
2345,6.4375
2346,6.5
2347,6.5
2348,6.4375
2349,6.4375
2350,6.5
2351,6.4375
2352,6.4375
2353,6.375
2354,6.4375
2355,6.4375
2356,6.375
2357,6.375
2358,6.375
2359,6.375
2360,6.3125
2361,6.3125
2362,6.375
2363,6.375
2364,6.375
2365,6.375
2366,6.375
2367,6.4375
2368,6.4375
2369,6.4375
2370,6.375
2371,6.375
2372,6.3125
2373,6.3125
2374,6.3125
2375,6.3125
2376,6.25
2377,6.25
2378,6.25
2379,6.25
2380,6.25
2381,6.3125
2382,6.375
2383,6.375
2384,6.4375
2385,6.4375
2386,6.4375
2387,6.4375
2388,6.4375
2389,6.5
2390,6.5
2391,6.5
2392,6.4375
2393,6.4375
2394,6.4375
2395,6.5
2396,6.5
2397,6.5
2398,6.5
2399,6.5
2400,6.5
2401,6.5
2402,6.4375
2403,6.4375
2404,6.375
2405,6.3125
2406,6.3125
2407,6.3125
2408,6.3125
2409,6.3125
2410,6.3125
2411,6.375
2412,6.4375
2413,6.5
2414,6.5
2415,6.5625
2416,6.5625
2417,6.5625
2418,6.625
2419,6.625
2420,6.5625
2421,6.5
2422,6.4375
2423,6.4375
2424,6.4375
2425,6.375
2426,6.375
2427,6.4375
2428,6.4375
2429,6.4375
2430,6.4375
2431,6.4375
2432,6.4375
2433,6.4375
2434,6.5
2435,6.4375
2436,6.375
2437,6.4375
2438,6.4375
2439,6.4375
2440,6.4375
2441,6.4375
2442,6.4375
2443,6.4375
2444,6.5
2445,6.5
2446,6.5
2447,6.5
2448,6.5
2449,6.5
2450,6.5
2451,6.5
2452,6.5
2453,6.5
2454,6.5
2455,6.5
2456,6.5
2457,6.5
2458,6.5625
2459,6.5625
2460,6.5
2461,6.5
2462,6.5
2463,6.5625
2464,6.625
2465,6.625
2466,6.625
2467,6.5625
2468,6.5
2469,6.5
2470,6.4375
2471,6.4375
2472,6.5
2473,6.5
2474,6.5625
2475,6.6875
2476,6.8125
2477,7
2478,7.1875
2479,7.25
2480,7.5
2481,7.625
2482,7.75
2483,7.875
2484,8
2485,8
2486,8.0625
2487,8.125
2488,8.25
2489,8.375
2490,8.375
2491,8.25
2492,8.1875
2493,8.125
2494,7.9375
2495,7.6875
2496,7.5625
2497,7.25
2498,7.0625
2499,6.9375
2500,6.75
2501,6.625
2502,6.4375
2503,6.375
2504,6.375
2505,6.375
2506,6.4375
2507,6.5
2508,6.6875
2509,6.75
2510,6.8125
2511,7
2512,7.0625
2513,7.0625
2514,7.0625
2515,7.0625
2516,7.0625
2517,7
2518,6.9375
2519,6.875
2520,6.875
2521,6.875
2522,6.8125
2523,6.8125
2524,6.8125
2525,6.9375
2526,6.9375
2527,7
2528,6.9375
2529,6.9375
2530,6.9375
2531,6.9375
2532,6.9375
2533,6.9375
2534,6.9375
2535,6.9375
2536,6.9375
2537,6.9375
2538,7
2539,7
2540,7
2541,7
2542,7
2543,7
2544,7
2545,7
2546,7
2547,7
2548,7
2549,7
2550,6.9375
2551,6.9375
2552,6.9375
2553,6.9375
2554,6.9375
2555,6.9375
2556,6.9375
2557,6.9375
2558,6.9375
2559,6.9375
2560,6.9375
2561,6.875
2562,6.875
2563,6.9375
2564,6.9375
2565,6.9375
2566,6.9375
2567,6.9375
2568,6.9375
2569,6.9375
2570,6.9375
2571,6.9375
2572,6.875
2573,6.9375
2574,6.9375
2575,6.9375
2576,6.9375
2577,6.9375
2578,6.9375
2579,6.9375
2580,6.9375
2581,6.9375
2582,6.9375
2583,6.9375
2584,7
2585,7
2586,7.0625
2587,7.0625
2588,7.0625
2589,7.0625
2590,7
2591,7
2592,7
2593,7
2594,6.9375
2595,6.9375
2596,6.9375
2597,6.9375
2598,7
2599,7
2600,7
2601,7
2602,7
2603,7
2604,7
2605,7
2606,7
2607,7.0625
2608,7.0625
2609,7.0625
2610,7.0625
2611,7.0625
2612,7
2613,7
2614,7
2615,7
2616,7
2617,7.0625
2618,7.0625
2619,7.0625
2620,7.0625
2621,7
2622,7
2623,7
2624,7
2625,7
2626,7
2627,6.9375
2628,6.9375
2629,6.9375
2630,6.875
2631,6.875
2632,6.8125
2633,6.8125
2634,6.8125
2635,6.8125
2636,6.875
2637,6.875
2638,6.9375
2639,6.9375
2640,6.9375
2641,6.9375
2642,6.9375
2643,6.875
2644,6.875
2645,6.875
2646,6.875
2647,6.875
2648,6.875
2649,6.8125
2650,6.875
2651,6.875
2652,6.9375
2653,6.9375
2654,6.9375
2655,6.9375
2656,6.9375
2657,6.9375
2658,6.875
2659,6.9375
2660,6.9375
2661,6.9375
2662,6.9375
2663,6.9375
2664,6.9375
2665,6.9375
2666,6.9375
2667,6.9375
2668,6.9375
2669,6.9375
2670,6.9375
2671,6.9375
2672,6.9375
2673,6.9375
2674,6.9375
2675,6.9375
2676,6.9375
2677,6.9375
2678,6.875
2679,6.9375
2680,6.9375
2681,6.9375
2682,6.9375
2683,6.9375
2684,6.9375
2685,6.9375
2686,6.9375
2687,6.9375
2688,6.875
2689,6.875
2690,6.9375
2691,6.9375
2692,6.9375
2693,6.9375
2694,6.9375
2695,6.9375
2696,6.9375
2697,6.9375
2698,6.9375
2699,6.9375
2700,6.9375
2701,6.9375
2702,7
2703,7
2704,6.9375
2705,6.9375
2706,6.9375
2707,6.9375
2708,6.9375
2709,6.9375
2710,6.9375
2711,6.9375
2712,6.9375
2713,6.9375
2714,6.875
2715,6.9375
2716,6.9375
2717,6.9375
2718,6.9375
2719,6.9375
2720,6.9375
2721,6.9375
2722,6.9375
2723,6.9375
2724,6.9375
2725,6.9375
2726,6.9375
2727,6.9375
2728,6.9375
2729,6.9375
2730,6.9375
2731,6.9375
2732,6.9375
2733,6.9375
2734,6.9375
2735,6.9375
2736,6.9375
2737,6.9375
2738,6.9375
2739,7
2740,7
2741,7
2742,7
2743,7
2744,7
2745,6.9375
2746,6.9375
2747,6.9375
2748,7
2749,6.9375
2750,6.9375
2751,6.9375
2752,7
2753,7
2754,7
2755,6.9375
2756,7
2757,7
2758,7
2759,7
2760,7
2761,7
2762,7
2763,7
2764,7
2765,7
2766,7
2767,7
2768,7
2769,7
2770,7
2771,7
2772,7
2773,7
2774,7.0625
2775,7.0625
2776,7
2777,7
2778,7.0625
2779,7.0625
2780,7.0625
2781,7.0625
2782,7.0625
2783,7.125
2784,7.1875
2785,7.125
2786,7.125
2787,7.125
2788,7.125
2789,7.125
2790,7.125
2791,7.0625
2792,7.125
2793,7.125
2794,7.125
2795,7.125
2796,7.125
2797,7.125
2798,7.125
2799,7.125
2800,7.125
2801,7.0625
2802,7.125
2803,7.125
2804,7.125
2805,7.125
2806,7.125
2807,7.125
2808,7.125
2809,7.125
2810,7.125
2811,7.0625
2812,7.0625
2813,7.125
2814,7.125
2815,7.0625
2816,7.0625
2817,7.0625
2818,7.0625
2819,7.0625
2820,7.0625
2821,7.0625
2822,7.0625
2823,7.0625
2824,7.0625
2825,7.0625
2826,7.0625
2827,7.0625
2828,7
2829,7.0625
2830,7.0625
2831,7.0625
2832,7.0625
2833,7.0625
2834,7.0625
2835,7.0625
2836,7.0625
2837,7.0625
2838,7.0625
2839,7
2840,7
2841,7
2842,7.0625
2843,7.0625
2844,7.0625
2845,7.0625
2846,7.125
2847,7.125
2848,7.0625
2849,7.0625
2850,7.0625
2851,7.0625
2852,7.0625
2853,7.0625
2854,7.0625
2855,7.0625
2856,7
2857,7
2858,7
2859,7
2860,7
2861,7
2862,7
2863,7
2864,7
2865,7.0625
2866,7.0625
2867,7.0625
2868,7.0625
2869,7.0625
2870,7.0625
2871,7.0625
2872,7.0625
2873,7.0625
2874,7.0625
2875,7.0625
2876,7.0625
2877,7.0625
2878,7.0625
2879,7.0625
2880,7.0625
2881,7.0625
2882,7.0625
2883,7.0625
2884,7.0625
2885,7.0625
2886,7.0625
2887,7.0625
2888,7.0625
2889,7.0625
2890,7
2891,7
2892,7
2893,7
2894,7
2895,7
2896,7
2897,7.0625
2898,7.0625
2899,7.0625
2900,7.0625
2901,7.125
2902,7.125
2903,7.125
2904,7.0625
2905,7.0625
2906,7.0625
2907,7.0625
2908,7.125
2909,7.125
2910,7.0625
2911,7.0625
2912,7.0625
2913,7.125
2914,7.125
2915,7.0625
2916,7.0625
2917,7.0625
2918,7.125
2919,7.125
2920,7.125
2921,7.125
2922,7.125
2923,7.125
2924,7.125
2925,7.0625
2926,7.0625
2927,7.125
2928,7.125
2929,7.125
2930,7.125
2931,7.125
2932,7.125
2933,7.125
2934,7.125
2935,7.125
2936,7.0625
2937,7.0625
2938,7.125
2939,7.125
2940,7.0625
2941,7.0625
2942,7.0625
2943,7.0625
2944,7.0625
2945,7.0625
2946,7.0625
2947,7
2948,6.9375
2949,6.9375
2950,6.875
2951,6.8125
2952,6.75
2953,6.5625
2954,6.4375
2955,6
2956,5.625
2957,5.4375
2958,4.9375
2959,4.8125
2960,4.5625
2961,4.375
2962,4.375
2963,4.5
2964,4.6875
2965,4.75
2966,4.875
2967,5.125
2968,5.4375
2969,5.875
2970,6
2971,6.1875
2972,6.4375
2973,6.5
2974,6.625
2975,6.6875
2976,6.75
2977,6.6875
2978,6.6875
2979,6.6875
2980,6.6875
2981,6.625
2982,6.625
2983,6.6875
2984,6.75
2985,6.75
2986,6.75
2987,6.875
2988,6.875
2989,7
2990,7
2991,7.0625
2992,7.0625
2993,6.9375
2994,6.875
2995,6.6875
2996,6.625
2997,6.5625
2998,6.375
2999,6.25
3000,6.125
